sample_id,cluster_label
0,-1
1,-1
2,-1
3,-1
4,0
5,-1
6,0
7,1
8,5
9,2
10,-1
11,1
12,2
13,-1
14,-1
15,5
16,-1
17,2
18,-1
19,1
20,1
21,-1
22,3
23,0
24,-1
25,0
26,1
27,-1
28,-1
29,0
30,2
31,-1
32,2
33,-1
34,0
35,-1
36,-1
37,1
38,-1
39,2
40,-1
41,1
42,-1
43,-1
44,2
45,0
46,-1
47,-1
48,2
49,0
50,-1
51,0
52,-1
53,0
54,5
55,-1
56,-1
57,3
58,0
59,1
60,0
61,-1
62,-1
63,3
64,2
65,5
66,1
67,-1
68,1
69,1
70,-1
71,5
72,-1
73,-1
74,-1
75,-1
76,0
77,2
78,-1
79,1
80,-1
81,-1
82,-1
83,3
84,0
85,3
86,-1
87,3
88,3
89,-1
90,-1
91,-1
92,3
93,-1
94,3
95,1
96,3
97,-1
98,-1
99,-1
100,-1
101,-1
102,-1
103,4
104,3
105,0
106,2
107,3
108,-1
109,-1
110,-1
111,5
112,-1
113,4
114,-1
115,2
116,0
117,-1
118,-1
119,3
120,1
121,-1
122,-1
123,-1
124,-1
125,1
126,-1
127,5
128,-1
129,1
130,2
131,3
132,-1
133,-1
134,0
135,0
136,-1
137,-1
138,4
139,2
140,-1
141,-1
142,-1
143,3
144,-1
145,2
146,-1
147,-1
148,3
149,-1
150,3
151,1
152,3
153,-1
154,-1
155,1
156,2
157,3
158,-1
159,-1
160,0
161,2
162,4
163,4
164,0
165,-1
166,-1
167,1
168,1
169,-1
170,3
171,-1
172,3
173,1
174,-1
175,3
176,3
177,3
178,3
179,-1
180,-1
181,0
182,1
183,1
184,2
185,0
186,2
187,-1
188,-1
189,-1
190,0
191,3
192,-1
193,0
194,-1
195,-1
196,4
197,-1
198,-1
199,-1
200,-1
201,-1
202,-1
203,-1
204,-1
205,1
206,3
207,0
208,4
209,2
210,1
211,2
212,-1
213,-1
214,-1
215,1
216,3
217,0
218,2
219,0
220,4
221,0
222,-1
223,5
224,3
225,2
226,0
227,-1
228,-1
229,-1
230,3
231,1
232,1
233,-1
234,1
235,4
236,-1
237,-1
238,-1
239,-1
240,-1
241,3
242,-1
243,-1
244,-1
245,3
246,0
247,-1
248,-1
249,0
250,-1
251,2
252,-1
253,5
254,-1
255,2
256,-1
257,2
258,1
259,4
260,0
261,4
262,0
263,-1
264,2
265,2
266,-1
267,2
268,5
269,-1
270,-1
271,-1
272,-1
273,-1
274,-1
275,3
276,4
277,2
278,0
279,-1
280,4
281,0
282,-1
283,-1
284,1
285,-1
286,-1
287,0
288,1
289,1
290,-1
291,-1
292,0
293,0
294,2
295,5
296,-1
297,0
298,-1
299,2
300,-1
301,-1
302,-1
303,-1
304,-1
305,2
306,-1
307,-1
308,3
309,3
310,-1
311,-1
312,2
313,1
314,-1
315,0
316,2
317,0
318,-1
319,5
320,-1
321,-1
322,3
323,4
324,4
325,1
326,-1
327,-1
328,1
329,3
330,1
331,4
332,-1
333,3
334,0
335,-1
336,3
337,-1
338,0
339,0
340,-1
341,2
342,-1
343,-1
344,2
345,1
346,-1
347,-1
348,1
349,4
350,-1
351,-1
352,0
353,1
354,-1
355,-1
356,-1
357,2
358,0
359,-1
360,-1
361,3
362,-1
363,4
364,1
365,2
366,-1
367,0
368,4
369,-1
370,3
371,-1
372,-1
373,1
374,3
375,-1
376,3
377,-1
378,-1
379,-1
380,-1
381,-1
382,-1
383,1
384,-1
385,-1
386,5
387,0
388,-1
389,5
390,-1
391,-1
392,-1
393,-1
394,-1
395,0
396,0
397,4
398,-1
399,3
400,1
401,-1
402,3
403,0
404,2
405,2
406,3
407,2
408,-1
409,0
410,-1
411,3
412,-1
413,-1
414,2
415,2
416,-1
417,2
418,0
419,3
420,-1
421,2
422,1
423,2
424,-1
425,0
426,-1
427,-1
428,-1
429,3
430,3
431,3
432,4
433,-1
434,-1
435,-1
436,-1
437,0
438,-1
439,-1
440,-1
441,3
442,0
443,2
444,4
445,2
446,-1
447,4
448,-1
449,3
450,0
451,-1
452,2
453,3
454,-1
455,3
456,5
457,-1
458,1
459,-1
460,-1
461,1
462,5
463,-1
464,-1
465,-1
466,-1
467,-1
468,4
469,5
470,-1
471,4
472,-1
473,-1
474,-1
475,-1
476,1
477,0
478,3
479,-1
480,1
481,-1
482,0
483,2
484,-1
485,-1
486,5
487,-1
488,1
489,-1
490,2
491,-1
492,-1
493,1
494,0
495,-1
496,-1
497,-1
498,-1
499,-1
500,0
501,4
502,3
503,-1
504,-1
505,0
506,-1
507,-1
508,-1
509,-1
510,2
511,-1
512,3
513,3
514,-1
515,-1
516,-1
517,-1
518,-1
519,3
520,1
521,0
522,1
523,1
524,-1
525,3
526,-1
527,1
528,0
529,0
530,-1
531,-1
532,0
533,1
534,0
535,-1
536,1
537,0
538,0
539,1
540,-1
541,-1
542,-1
543,4
544,-1
545,2
546,0
547,2
548,0
549,-1
550,0
551,-1
552,-1
553,-1
554,0
555,3
556,0
557,3
558,-1
559,2
560,4
561,0
562,-1
563,-1
564,1
565,-1
566,3
567,-1
568,3
569,1
570,2
571,-1
572,-1
573,3
574,-1
575,-1
576,0
577,2
578,-1
579,0
580,3
581,-1
582,-1
583,0
584,-1
585,1
586,3
587,-1
588,-1
589,3
590,0
591,4
592,-1
593,2
594,2
595,-1
596,-1
597,-1
598,3
599,-1
600,-1
601,1
602,5
603,-1
604,2
605,-1
606,0
607,-1
608,4
609,4
610,-1
611,3
612,0
613,-1
614,-1
615,0
616,3
617,-1
618,1
619,3
620,-1
621,-1
622,1
623,4
624,0
625,-1
626,3
627,-1
628,-1
629,1
630,-1
631,0
632,1
633,-1
634,3
635,3
636,4
637,1
638,5
639,-1
640,-1
641,2
642,-1
643,4
644,3
645,-1
646,-1
647,-1
648,1
649,-1
650,2
651,2
652,-1
653,-1
654,1
655,2
656,0
657,2
658,2
659,0
660,-1
661,0
662,-1
663,0
664,-1
665,-1
666,-1
667,-1
668,-1
669,-1
670,-1
671,0
672,3
673,-1
674,-1
675,0
676,0
677,5
678,0
679,-1
680,-1
681,-1
682,4
683,-1
684,3
685,-1
686,-1
687,0
688,-1
689,-1
690,-1
691,2
692,3
693,2
694,0
695,-1
696,0
697,2
698,2
699,1
700,-1
701,-1
702,0
703,1
704,-1
705,0
706,-1
707,3
708,-1
709,-1
710,3
711,-1
712,2
713,2
714,4
715,3
716,2
717,-1
718,-1
719,0
720,-1
721,-1
722,1
723,-1
724,-1
725,-1
726,0
727,0
728,0
729,-1
730,3
731,-1
732,3
733,4
734,-1
735,0
736,0
737,2
738,-1
739,5
740,2
741,4
742,1
743,1
744,2
745,-1
746,3
747,-1
748,-1
749,-1
750,-1
751,1
752,3
753,0
754,-1
755,2
756,-1
757,-1
758,4
759,-1
760,3
761,-1
762,-1
763,4
764,1
765,-1
766,0
767,-1
768,3
769,-1
770,4
771,-1
772,3
773,-1
774,-1
775,0
776,5
777,-1
778,-1
779,-1
780,-1
781,-1
782,2
783,1
784,-1
785,-1
786,-1
787,-1
788,-1
789,-1
790,-1
791,4
792,-1
793,0
794,-1
795,1
796,0
797,-1
798,-1
799,-1
800,1
801,5
802,3
803,2
804,-1
805,-1
806,4
807,2
808,-1
809,-1
810,1
811,-1
812,3
813,-1
814,2
815,-1
816,-1
817,-1
818,-1
819,4
820,-1
821,-1
822,1
823,3
824,0
825,3
826,0
827,-1
828,-1
829,1
830,-1
831,-1
832,-1
833,-1
834,-1
835,-1
836,-1
837,-1
838,0
839,-1
840,-1
841,2
842,-1
843,4
844,2
845,0
846,-1
847,3
848,3
849,-1
850,-1
851,3
852,0
853,2
854,-1
855,-1
856,-1
857,-1
858,-1
859,-1
860,2
861,-1
862,-1
863,-1
864,-1
865,-1
866,-1
867,-1
868,3
869,-1
870,-1
871,-1
872,0
873,2
874,2
875,-1
876,-1
877,2
878,2
879,-1
880,-1
881,-1
882,-1
883,-1
884,0
885,0
886,-1
887,-1
888,0
889,5
890,-1
891,5
892,2
893,-1
894,-1
895,1
896,-1
897,4
898,3
899,-1
900,-1
901,4
902,3
903,0
904,-1
905,-1
906,4
907,2
908,-1
909,-1
910,-1
911,2
912,4
913,1
914,-1
915,3
916,-1
917,-1
918,-1
919,5
920,-1
921,4
922,-1
923,-1
924,-1
925,-1
926,-1
927,-1
928,2
929,-1
930,-1
931,1
932,-1
933,0
934,-1
935,1
936,-1
937,0
938,-1
939,0
940,2
941,0
942,2
943,-1
944,-1
945,3
946,2
947,4
948,-1
949,2
950,0
951,-1
952,-1
953,-1
954,-1
955,5
956,2
957,2
958,-1
959,-1
960,-1
961,-1
962,-1
963,2
964,-1
965,-1
966,1
967,-1
968,0
969,-1
970,-1
971,3
972,-1
973,-1
974,2
975,-1
976,-1
977,-1
978,1
979,1
980,5
981,-1
982,-1
983,-1
984,-1
985,3
986,5
987,0
988,0
989,-1
990,0
991,-1
992,-1
993,3
994,-1
995,1
996,-1
997,-1
998,0
999,5
1000,-1
1001,0
1002,-1
1003,-1
1004,3
1005,-1
1006,-1
1007,0
1008,-1
1009,1
1010,0
1011,-1
1012,-1
1013,0
1014,2
1015,0
1016,2
1017,-1
1018,2
1019,-1
1020,-1
1021,-1
1022,1
1023,3
1024,1
1025,0
1026,4
1027,1
1028,3
1029,-1
1030,1
1031,-1
1032,-1
1033,0
1034,3
1035,-1
1036,-1
1037,3
1038,-1
1039,-1
1040,-1
1041,-1
1042,5
1043,-1
1044,-1
1045,-1
1046,0
1047,3
1048,1
1049,-1
1050,2
1051,0
1052,1
1053,-1
1054,2
1055,3
1056,4
1057,-1
1058,-1
1059,-1
1060,-1
1061,-1
1062,3
1063,0
1064,4
1065,-1
1066,-1
1067,-1
1068,3
1069,3
1070,-1
1071,-1
1072,-1
1073,0
1074,2
1075,0
1076,5
1077,1
1078,4
1079,-1
1080,3
1081,2
1082,1
1083,-1
1084,0
1085,1
1086,4
1087,0
1088,-1
1089,-1
1090,-1
1091,0
1092,0
1093,2
1094,0
1095,-1
1096,-1
1097,-1
1098,2
1099,-1
1100,-1
1101,-1
1102,3
1103,-1
1104,-1
1105,1
1106,1
1107,-1
1108,-1
1109,-1
1110,2
1111,-1
1112,-1
1113,2
1114,0
1115,5
1116,1
1117,0
1118,2
1119,-1
1120,-1
1121,1
1122,-1
1123,-1
1124,-1
1125,0
1126,5
1127,-1
1128,4
1129,3
1130,-1
1131,-1
1132,-1
1133,-1
1134,-1
1135,0
1136,-1
1137,-1
1138,-1
1139,1
1140,-1
1141,-1
1142,3
1143,2
1144,4
1145,1
1146,-1
1147,4
1148,-1
1149,1
1150,-1
1151,-1
1152,4
1153,1
1154,1
1155,-1
1156,3
1157,-1
1158,2
1159,3
1160,0
1161,4
1162,5
1163,-1
1164,3
1165,-1
1166,0
1167,-1
1168,-1
1169,3
1170,-1
1171,1
1172,-1
1173,1
1174,0
1175,-1
1176,-1
1177,2
1178,-1
1179,-1
1180,-1
1181,-1
1182,2
1183,-1
1184,2
1185,-1
1186,2
1187,4
1188,-1
1189,-1
1190,-1
1191,3
1192,3
1193,3
1194,-1
1195,2
1196,-1
1197,3
1198,-1
1199,-1
1200,-1
1201,-1
1202,-1
1203,1
1204,1
1205,0
1206,-1
1207,0
1208,-1
1209,-1
1210,-1
1211,-1
1212,-1
1213,-1
1214,0
1215,-1
1216,-1
1217,-1
1218,2
1219,4
1220,-1
1221,-1
1222,-1
1223,3
1224,-1
1225,1
1226,-1
1227,0
1228,-1
1229,-1
1230,2
1231,2
1232,2
1233,-1
1234,3
1235,-1
1236,1
1237,1
1238,2
1239,-1
1240,-1
1241,3
1242,-1
1243,-1
1244,-1
1245,-1
1246,-1
1247,3
1248,0
1249,0
1250,4
1251,1
1252,-1
1253,4
1254,-1
1255,1
1256,-1
1257,0
1258,-1
1259,-1
1260,1
1261,3
1262,2
1263,-1
1264,0
1265,-1
1266,-1
1267,-1
1268,5
1269,2
1270,3
1271,-1
1272,5
1273,2
1274,-1
1275,-1
1276,0
1277,-1
1278,-1
1279,1
1280,-1
1281,-1
1282,4
1283,1
1284,-1
1285,-1
1286,-1
1287,-1
1288,2
1289,2
1290,-1
1291,3
1292,-1
1293,2
1294,3
1295,-1
1296,-1
1297,3
1298,3
1299,1
1300,-1
1301,-1
1302,2
1303,3
1304,-1
1305,-1
1306,4
1307,-1
1308,-1
1309,1
1310,0
1311,-1
1312,2
1313,2
1314,0
1315,0
1316,-1
1317,1
1318,-1
1319,-1
1320,2
1321,5
1322,-1
1323,-1
1324,-1
1325,0
1326,5
1327,1
1328,-1
1329,5
1330,-1
1331,-1
1332,1
1333,0
1334,3
1335,-1
1336,1
1337,2
1338,1
1339,-1
1340,3
1341,-1
1342,0
1343,-1
1344,-1
1345,-1
1346,-1
1347,1
1348,1
1349,0
1350,0
1351,-1
1352,-1
1353,1
1354,5
1355,-1
1356,-1
1357,-1
1358,-1
1359,3
1360,-1
1361,-1
1362,0
1363,0
1364,-1
1365,0
1366,0
1367,5
1368,0
1369,0
1370,3
1371,0
1372,-1
1373,-1
1374,3
1375,-1
1376,0
1377,-1
1378,3
1379,-1
1380,-1
1381,0
1382,3
1383,3
1384,-1
1385,-1
1386,-1
1387,-1
1388,3
1389,-1
1390,-1
1391,2
1392,1
1393,-1
1394,-1
1395,3
1396,2
1397,1
1398,-1
1399,-1
1400,-1
1401,-1
1402,-1
1403,-1
1404,4
1405,-1
1406,-1
1407,-1
1408,0
1409,1
1410,-1
1411,-1
1412,2
1413,3
1414,-1
1415,2
1416,-1
1417,-1
1418,3
1419,-1
1420,-1
1421,2
1422,0
1423,2
1424,-1
1425,-1
1426,0
1427,-1
1428,3
1429,-1
1430,3
1431,-1
1432,-1
1433,-1
1434,-1
1435,3
1436,3
1437,0
1438,0
1439,1
1440,-1
1441,3
1442,-1
1443,-1
1444,-1
1445,0
1446,-1
1447,2
1448,0
1449,0
1450,-1
1451,2
1452,-1
1453,0
1454,3
1455,0
1456,-1
1457,1
1458,1
1459,-1
1460,0
1461,-1
1462,-1
1463,-1
1464,-1
1465,-1
1466,4
1467,3
1468,2
1469,3
1470,-1
1471,-1
1472,1
1473,3
1474,2
1475,-1
1476,2
1477,0
1478,-1
1479,-1
1480,3
1481,2
1482,-1
1483,3
1484,3
1485,-1
1486,3
1487,0
1488,-1
1489,1
1490,-1
1491,0
1492,-1
1493,0
1494,0
1495,3
1496,-1
1497,-1
1498,1
1499,-1
1500,1
1501,3
1502,0
1503,-1
1504,1
1505,-1
1506,4
1507,-1
1508,2
1509,1
1510,-1
1511,-1
1512,3
1513,0
1514,0
1515,3
1516,-1
1517,3
1518,-1
1519,-1
1520,-1
1521,-1
1522,-1
1523,-1
1524,-1
1525,-1
1526,0
1527,-1
1528,-1
1529,1
1530,2
1531,-1
1532,5
1533,2
1534,0
1535,-1
1536,0
1537,0
1538,3
1539,2
1540,-1
1541,1
1542,2
1543,1
1544,-1
1545,2
1546,3
1547,1
1548,-1
1549,-1
1550,-1
1551,-1
1552,4
1553,0
1554,0
1555,2
1556,3
1557,4
1558,-1
1559,-1
1560,-1
1561,1
1562,5
1563,-1
1564,1
1565,1
1566,-1
1567,0
1568,-1
1569,-1
1570,3
1571,-1
1572,1
1573,3
1574,3
1575,5
1576,-1
1577,1
1578,-1
1579,4
1580,-1
1581,-1
1582,4
1583,-1
1584,-1
1585,-1
1586,-1
1587,-1
1588,-1
1589,4
1590,-1
1591,-1
1592,1
1593,4
1594,-1
1595,2
1596,-1
1597,5
1598,-1
1599,-1
1600,-1
1601,0
1602,-1
1603,2
1604,-1
1605,5
1606,-1
1607,2
1608,1
1609,-1
1610,-1
1611,1
1612,-1
1613,1
1614,-1
1615,2
1616,2
1617,1
1618,-1
1619,2
1620,2
1621,-1
1622,1
1623,1
1624,-1
1625,-1
1626,3
1627,-1
1628,4
1629,1
1630,-1
1631,-1
1632,-1
1633,4
1634,0
1635,3
1636,-1
1637,4
1638,-1
1639,0
1640,3
1641,-1
1642,1
1643,2
1644,-1
1645,4
1646,-1
1647,-1
1648,-1
1649,-1
1650,2
1651,1
1652,-1
1653,-1
1654,0
1655,-1
1656,-1
1657,-1
1658,3
1659,1
1660,4
1661,-1
1662,1
1663,0
1664,0
1665,-1
1666,5
1667,-1
1668,-1
1669,1
1670,0
1671,2
1672,4
1673,0
1674,-1
1675,2
1676,-1
1677,0
1678,-1
1679,5
1680,3
1681,3
1682,0
1683,-1
1684,2
1685,-1
1686,-1
1687,2
1688,0
1689,1
1690,-1
1691,-1
1692,1
1693,2
1694,-1
1695,4
1696,-1
1697,3
1698,-1
1699,0
1700,3
1701,-1
1702,-1
1703,-1
1704,2
1705,2
1706,-1
1707,-1
1708,3
1709,0
1710,-1
1711,0
1712,1
1713,-1
1714,5
1715,1
1716,-1
1717,-1
1718,2
1719,1
1720,0
1721,2
1722,-1
1723,-1
1724,-1
1725,0
1726,0
1727,1
1728,2
1729,2
1730,-1
1731,-1
1732,-1
1733,3
1734,-1
1735,-1
1736,-1
1737,4
1738,-1
1739,3
1740,-1
1741,3
1742,4
1743,-1
1744,-1
1745,-1
1746,0
1747,-1
1748,4
1749,1
1750,-1
1751,4
1752,3
1753,-1
1754,0
1755,1
1756,-1
1757,0
1758,-1
1759,2
1760,0
1761,-1
1762,-1
1763,2
1764,-1
1765,3
1766,0
1767,-1
1768,2
1769,3
1770,-1
1771,0
1772,-1
1773,-1
1774,-1
1775,-1
1776,5
1777,0
1778,0
1779,-1
1780,-1
1781,-1
1782,1
1783,-1
1784,1
1785,-1
1786,0
1787,3
1788,0
1789,4
1790,3
1791,1
1792,-1
1793,-1
1794,-1
1795,2
1796,-1
1797,0
1798,4
1799,-1
1800,-1
1801,-1
1802,2
1803,4
1804,-1
1805,3
1806,-1
1807,-1
1808,-1
1809,0
1810,3
1811,-1
1812,3
1813,-1
1814,3
1815,3
1816,-1
1817,-1
1818,-1
1819,-1
1820,4
1821,-1
1822,-1
1823,-1
1824,-1
1825,1
1826,-1
1827,-1
1828,-1
1829,-1
1830,5
1831,-1
1832,-1
1833,0
1834,1
1835,-1
1836,-1
1837,-1
1838,2
1839,-1
1840,0
1841,-1
1842,2
1843,-1
1844,0
1845,-1
1846,-1
1847,-1
1848,4
1849,-1
1850,-1
1851,-1
1852,2
1853,-1
1854,-1
1855,-1
1856,-1
1857,2
1858,1
1859,-1
1860,0
1861,1
1862,-1
1863,2
1864,0
1865,3
1866,-1
1867,0
1868,5
1869,3
1870,3
1871,-1
1872,-1
1873,-1
1874,-1
1875,1
1876,1
1877,2
1878,-1
1879,3
1880,-1
1881,4
1882,-1
1883,0
1884,-1
1885,3
1886,-1
1887,-1
1888,-1
1889,2
1890,0
1891,-1
1892,4
1893,1
1894,-1
1895,-1
1896,2
1897,-1
1898,0
1899,-1
1900,2
1901,0
1902,3
1903,-1
1904,-1
1905,-1
1906,0
1907,-1
1908,1
1909,-1
1910,1
1911,4
1912,-1
1913,-1
1914,0
1915,3
1916,-1
1917,-1
1918,0
1919,-1
1920,-1
1921,1
1922,0
1923,2
1924,-1
1925,-1
1926,-1
1927,1
1928,-1
1929,1
1930,-1
1931,-1
1932,2
1933,3
1934,1
1935,0
1936,-1
1937,-1
1938,5
1939,3
1940,-1
1941,2
1942,-1
1943,-1
1944,-1
1945,-1
1946,-1
1947,-1
1948,4
1949,1
1950,1
1951,0
1952,-1
1953,1
1954,5
1955,1
1956,-1
1957,3
1958,1
1959,0
1960,-1
1961,-1
1962,1
1963,-1
1964,-1
1965,-1
1966,2
1967,2
1968,-1
1969,-1
1970,-1
1971,2
1972,0
1973,0
1974,-1
1975,-1
1976,0
1977,2
1978,-1
1979,2
1980,3
1981,-1
1982,3
1983,-1
1984,-1
1985,3
1986,-1
1987,-1
1988,-1
1989,4
1990,-1
1991,5
1992,-1
1993,1
1994,1
1995,1
1996,4
1997,-1
1998,-1
1999,3
2000,-1
2001,-1
2002,3
2003,3
2004,3
2005,-1
2006,1
2007,1
2008,-1
2009,-1
2010,-1
2011,3
2012,3
2013,-1
2014,-1
2015,3
2016,-1
2017,0
2018,0
2019,1
2020,5
2021,-1
2022,1
2023,-1
2024,-1
2025,1
2026,2
2027,1
2028,3
2029,-1
2030,-1
2031,-1
2032,0
2033,-1
2034,-1
2035,-1
2036,-1
2037,-1
2038,2
2039,-1
2040,2
2041,3
2042,-1
2043,1
2044,-1
2045,1
2046,0
2047,0
2048,-1
2049,4
2050,0
2051,1
2052,4
2053,0
2054,1
2055,0
2056,-1
2057,-1
2058,0
2059,0
2060,5
2061,0
2062,0
2063,3
2064,0
2065,5
2066,-1
2067,-1
2068,-1
2069,-1
2070,-1
2071,-1
2072,2
2073,3
2074,-1
2075,1
2076,0
2077,0
2078,1
2079,0
2080,-1
2081,2
2082,3
2083,-1
2084,2
2085,-1
2086,-1
2087,5
2088,-1
2089,-1
2090,-1
2091,-1
2092,-1
2093,4
2094,3
2095,-1
2096,4
2097,-1
2098,4
2099,1
2100,4
2101,-1
2102,-1
2103,0
2104,0
2105,-1
2106,1
2107,-1
2108,0
2109,-1
2110,3
2111,2
2112,0
2113,-1
2114,-1
2115,-1
2116,0
2117,2
2118,-1
2119,0
2120,-1
2121,-1
2122,1
2123,2
2124,-1
2125,-1
2126,-1
2127,0
2128,-1
2129,1
2130,0
2131,1
2132,-1
2133,-1
2134,-1
2135,-1
2136,3
2137,-1
2138,-1
2139,-1
2140,-1
2141,-1
2142,-1
2143,0
2144,-1
2145,-1
2146,-1
2147,0
2148,0
2149,2
2150,1
2151,-1
2152,1
2153,0
2154,-1
2155,-1
2156,-1
2157,-1
2158,-1
2159,2
2160,-1
2161,3
2162,1
2163,1
2164,-1
2165,0
2166,-1
2167,-1
2168,1
2169,3
2170,-1
2171,0
2172,-1
2173,3
2174,3
2175,4
2176,2
2177,-1
2178,-1
2179,-1
2180,-1
2181,-1
2182,-1
2183,-1
2184,0
2185,-1
2186,-1
2187,0
2188,-1
2189,5
2190,1
2191,-1
2192,-1
2193,1
2194,0
2195,-1
2196,1
2197,-1
2198,-1
2199,-1
2200,1
2201,1
2202,1
2203,-1
2204,4
2205,1
2206,-1
2207,3
2208,0
2209,-1
2210,-1
2211,-1
2212,-1
2213,4
2214,-1
2215,3
2216,-1
2217,5
2218,2
2219,-1
2220,3
2221,-1
2222,-1
2223,2
2224,-1
2225,-1
2226,-1
2227,3
2228,-1
2229,0
2230,-1
2231,3
2232,0
2233,-1
2234,-1
2235,1
2236,-1
2237,3
2238,3
2239,-1
2240,-1
2241,2
2242,-1
2243,-1
2244,-1
2245,3
2246,2
2247,-1
2248,-1
2249,-1
2250,-1
2251,3
2252,-1
2253,-1
2254,1
2255,-1
2256,3
2257,1
2258,-1
2259,0
2260,-1
2261,3
2262,-1
2263,-1
2264,-1
2265,-1
2266,-1
2267,1
2268,0
2269,-1
2270,2
2271,1
2272,3
2273,-1
2274,1
2275,4
2276,-1
2277,0
2278,2
2279,2
2280,-1
2281,4
2282,-1
2283,3
2284,-1
2285,1
2286,-1
2287,-1
2288,-1
2289,-1
2290,1
2291,0
2292,-1
2293,-1
2294,0
2295,0
2296,-1
2297,-1
2298,-1
2299,3
2300,0
2301,2
2302,3
2303,-1
2304,-1
2305,-1
2306,2
2307,3
2308,0
2309,2
2310,2
2311,-1
2312,5
2313,3
2314,-1
2315,-1
2316,-1
2317,0
2318,-1
2319,0
2320,5
2321,-1
2322,3
2323,3
2324,1
2325,-1
2326,0
2327,-1
2328,0
2329,1
2330,1
2331,-1
2332,4
2333,-1
2334,-1
2335,-1
2336,3
2337,2
2338,-1
2339,0
2340,1
2341,3
2342,4
2343,-1
2344,-1
2345,-1
2346,-1
2347,-1
2348,-1
2349,-1
2350,-1
2351,-1
2352,2
2353,3
2354,-1
2355,0
2356,-1
2357,4
2358,2
2359,-1
2360,1
2361,0
2362,-1
2363,0
2364,2
2365,0
2366,0
2367,4
2368,-1
2369,2
2370,-1
2371,-1
2372,-1
2373,-1
2374,4
2375,3
2376,-1
2377,-1
2378,-1
2379,-1
2380,-1
2381,0
2382,3
2383,0
2384,0
2385,-1
2386,3
2387,5
2388,3
2389,3
2390,-1
2391,4
2392,1
2393,1
2394,0
2395,-1
2396,-1
2397,0
2398,1
2399,-1
2400,2
2401,0
2402,3
2403,-1
2404,1
2405,-1
2406,-1
2407,-1
2408,-1
2409,1
2410,-1
2411,-1
2412,-1
2413,5
2414,3
2415,3
2416,-1
2417,-1
2418,2
2419,-1
2420,0
2421,3
2422,1
2423,-1
2424,-1
2425,-1
2426,0
2427,-1
2428,1
2429,-1
2430,-1
2431,3
2432,-1
2433,1
2434,-1
2435,-1
2436,-1
2437,-1
2438,2
2439,3
2440,4
2441,0
2442,-1
2443,1
2444,0
2445,0
2446,-1
2447,-1
2448,-1
2449,1
2450,-1
2451,-1
2452,0
2453,-1
2454,-1
2455,1
2456,-1
2457,4
2458,0
2459,-1
2460,-1
2461,2
2462,2
2463,4
2464,0
2465,-1
2466,3
2467,-1
2468,-1
2469,1
2470,2
2471,-1
2472,2
2473,1
2474,0
2475,-1
2476,-1
2477,2
2478,3
2479,4
2480,-1
2481,-1
2482,2
2483,-1
2484,-1
2485,-1
2486,-1
2487,0
2488,-1
2489,-1
2490,0
2491,-1
2492,-1
2493,-1
2494,3
2495,3
2496,-1
2497,-1
2498,3
2499,-1
2500,-1
2501,-1
2502,-1
2503,-1
2504,-1
2505,-1
2506,0
2507,-1
2508,-1
2509,3
2510,-1
2511,-1
2512,3
2513,2
2514,-1
2515,-1
2516,0
2517,1
2518,1
2519,0
2520,1
2521,-1
2522,-1
2523,-1
2524,-1
2525,1
2526,4
2527,1
2528,-1
2529,-1
2530,0
2531,-1
2532,2
2533,4
2534,1
2535,2
2536,1
2537,-1
2538,3
2539,2
2540,4
2541,1
2542,2
2543,-1
2544,-1
2545,-1
2546,-1
2547,1
2548,-1
2549,0
2550,1
2551,1
2552,2
2553,-1
2554,1
2555,-1
2556,-1
2557,3
2558,2
2559,-1
2560,-1
2561,3
2562,3
2563,1
2564,4
2565,2
2566,-1
2567,3
2568,0
2569,-1
2570,2
2571,0
2572,0
2573,2
2574,-1
2575,1
2576,1
2577,-1
2578,3
2579,-1
2580,3
2581,0
2582,-1
2583,-1
2584,3
2585,-1
2586,-1
2587,4
2588,-1
2589,0
2590,1
2591,-1
2592,-1
2593,-1
2594,5
2595,-1
2596,4
2597,2
2598,-1
2599,-1
2600,-1
2601,2
2602,-1
2603,-1
2604,-1
2605,2
2606,1
2607,1
2608,-1
2609,4
2610,0
2611,0
2612,1
2613,-1
2614,-1
2615,-1
2616,2
2617,0
2618,2
2619,-1
2620,2
2621,-1
2622,0
2623,1
2624,0
2625,4
2626,-1
2627,1
2628,2
2629,-1
2630,-1
2631,0
2632,0
2633,3
2634,0
2635,0
2636,0
2637,-1
2638,0
2639,-1
2640,1
2641,-1
2642,5
2643,-1
2644,3
2645,-1
2646,1
2647,-1
2648,-1
2649,2
2650,-1
2651,-1
2652,1
2653,4
2654,-1
2655,3
2656,4
2657,-1
2658,-1
2659,-1
2660,0
2661,2
2662,-1
2663,3
2664,1
2665,-1
2666,-1
2667,-1
2668,0
2669,1
2670,4
2671,0
2672,-1
2673,-1
2674,0
2675,5
2676,-1
2677,-1
2678,2
2679,0
2680,-1
2681,-1
2682,0
2683,-1
2684,3
2685,3
2686,0
2687,-1
2688,5
2689,-1
2690,3
2691,2
2692,-1
2693,-1
2694,-1
2695,-1
2696,1
2697,3
2698,3
2699,1
2700,-1
2701,0
2702,4
2703,-1
2704,-1
2705,-1
2706,-1
2707,0
2708,-1
2709,1
2710,1
2711,-1
2712,1
2713,1
2714,-1
2715,1
2716,-1
2717,-1
2718,3
2719,4
2720,-1
2721,3
2722,1
2723,-1
2724,-1
2725,4
2726,-1
2727,2
2728,-1
2729,-1
2730,0
2731,-1
2732,-1
2733,1
2734,0
2735,-1
2736,-1
2737,3
2738,-1
2739,1
2740,1
2741,1
2742,-1
2743,-1
2744,-1
2745,3
2746,0
2747,-1
2748,-1
2749,-1
2750,-1
2751,3
2752,1
2753,-1
2754,-1
2755,2
2756,-1
2757,-1
2758,0
2759,-1
2760,0
2761,0
2762,-1
2763,3
2764,-1
2765,-1
2766,-1
2767,-1
2768,-1
2769,2
2770,-1
2771,-1
2772,1
2773,-1
2774,0
2775,-1
2776,1
2777,-1
2778,-1
2779,-1
2780,4
2781,3
2782,0
2783,5
2784,3
2785,-1
2786,0
2787,1
2788,3
2789,0
2790,4
2791,-1
2792,4
2793,-1
2794,-1
2795,4
2796,-1
2797,-1
2798,3
2799,3
2800,-1
2801,-1
2802,4
2803,-1
2804,-1
2805,-1
2806,1
2807,3
2808,4
2809,1
2810,0
2811,-1
2812,2
2813,-1
2814,-1
2815,-1
2816,3
2817,1
2818,1
2819,5
2820,3
2821,-1
2822,0
2823,1
2824,-1
2825,2
2826,-1
2827,4
2828,3
2829,3
2830,-1
2831,-1
2832,2
2833,-1
2834,2
2835,3
2836,-1
2837,3
2838,-1
2839,-1
2840,3
2841,-1
2842,4
2843,1
2844,0
2845,2
2846,4
2847,0
2848,-1
2849,2
2850,1
2851,1
2852,0
2853,-1
2854,0
2855,3
2856,3
2857,-1
2858,0
2859,3
2860,1
2861,-1
2862,3
2863,-1
2864,2
2865,-1
2866,-1
2867,-1
2868,-1
2869,-1
2870,-1
2871,-1
2872,-1
2873,0
2874,-1
2875,-1
2876,1
2877,-1
2878,3
2879,2
2880,-1
2881,5
2882,1
2883,3
2884,0
2885,-1
2886,-1
2887,1
2888,-1
2889,-1
2890,1
2891,1
2892,1
2893,3
2894,3
2895,0
2896,-1
2897,1
2898,2
2899,-1
2900,-1
2901,-1
2902,-1
2903,4
2904,5
2905,0
2906,0
2907,-1
2908,3
2909,-1
2910,-1
2911,0
2912,3
2913,-1
2914,1
2915,1
2916,0
2917,-1
2918,-1
2919,-1
2920,-1
2921,1
2922,4
2923,0
2924,0
2925,3
2926,0
2927,-1
2928,3
2929,-1
2930,2
2931,3
2932,-1
2933,-1
2934,0
2935,-1
2936,-1
2937,-1
2938,1
2939,0
2940,-1
2941,2
2942,1
2943,-1
2944,2
2945,0
2946,2
2947,1
2948,3
2949,3
2950,-1
2951,-1
2952,-1
2953,0
2954,-1
2955,0
2956,5
2957,-1
2958,0
2959,0
2960,-1
2961,-1
2962,3
2963,4
2964,3
2965,-1
2966,-1
2967,0
2968,-1
2969,0
2970,-1
2971,1
2972,5
2973,5
2974,1
2975,-1
2976,1
2977,-1
2978,-1
2979,-1
2980,-1
2981,0
2982,4
2983,3
2984,0
2985,1
2986,4
2987,4
2988,0
2989,-1
2990,0
2991,5
2992,4
2993,3
2994,2
2995,2
2996,1
2997,-1
2998,4
2999,1
3000,4
3001,0
3002,-1
3003,-1
3004,0
3005,0
3006,-1
3007,-1
3008,1
3009,2
3010,4
3011,-1
3012,3
3013,2
3014,4
3015,-1
3016,-1
3017,1
3018,5
3019,0
3020,1
3021,-1
3022,-1
3023,-1
3024,1
3025,-1
3026,-1
3027,-1
3028,2
3029,3
3030,-1
3031,5
3032,1
3033,0
3034,1
3035,2
3036,4
3037,-1
3038,-1
3039,5
3040,-1
3041,0
3042,-1
3043,-1
3044,-1
3045,-1
3046,-1
3047,0
3048,0
3049,1
3050,1
3051,-1
3052,4
3053,-1
3054,-1
3055,3
3056,-1
3057,3
3058,0
3059,5
3060,0
3061,0
3062,-1
3063,-1
3064,1
3065,-1
3066,-1
3067,-1
3068,-1
3069,0
3070,4
3071,0
3072,1
3073,-1
3074,0
3075,3
3076,-1
3077,1
3078,3
3079,-1
3080,-1
3081,-1
3082,-1
3083,3
3084,0
3085,0
3086,1
3087,1
3088,-1
3089,1
3090,-1
3091,3
3092,-1
3093,-1
3094,-1
3095,-1
3096,-1
3097,-1
3098,-1
3099,-1
3100,-1
3101,0
3102,-1
3103,-1
3104,2
3105,-1
3106,-1
3107,1
3108,-1
3109,-1
3110,-1
3111,4
3112,2
3113,-1
3114,-1
3115,3
3116,-1
3117,-1
3118,3
3119,-1
3120,-1
3121,0
3122,1
3123,3
3124,-1
3125,0
3126,-1
3127,-1
3128,0
3129,0
3130,3
3131,-1
3132,-1
3133,-1
3134,-1
3135,-1
3136,0
3137,0
3138,-1
3139,-1
3140,-1
3141,-1
3142,0
3143,2
3144,-1
3145,0
3146,-1
3147,-1
3148,-1
3149,-1
3150,-1
3151,-1
3152,-1
3153,-1
3154,-1
3155,3
3156,2
3157,-1
3158,-1
3159,2
3160,-1
3161,0
3162,2
3163,4
3164,0
3165,3
3166,-1
3167,1
3168,0
3169,1
3170,2
3171,-1
3172,-1
3173,-1
3174,-1
3175,5
3176,0
3177,-1
3178,4
3179,3
3180,3
3181,4
3182,4
3183,1
3184,3
3185,0
3186,-1
3187,-1
3188,1
3189,1
3190,-1
3191,-1
3192,-1
3193,-1
3194,-1
3195,1
3196,0
3197,3
3198,2
3199,-1
3200,-1
3201,0
3202,3
3203,1
3204,-1
3205,-1
3206,-1
3207,-1
3208,-1
3209,-1
3210,2
3211,-1
3212,1
3213,4
3214,2
3215,-1
3216,-1
3217,1
3218,4
3219,2
3220,0
3221,2
3222,-1
3223,-1
3224,3
3225,0
3226,1
3227,0
3228,-1
3229,0
3230,2
3231,-1
3232,2
3233,3
3234,-1
3235,1
3236,3
3237,1
3238,-1
3239,1
3240,0
3241,0
3242,-1
3243,4
3244,-1
3245,3
3246,3
3247,-1
3248,3
3249,3
3250,2
3251,3
3252,-1
3253,4
3254,3
3255,1
3256,4
3257,2
3258,-1
3259,-1
3260,0
3261,-1
3262,-1
3263,3
3264,-1
3265,0
3266,3
3267,-1
3268,2
3269,-1
3270,0
3271,-1
3272,-1
3273,-1
3274,-1
3275,-1
3276,-1
3277,2
3278,3
3279,-1
3280,5
3281,2
3282,1
3283,-1
3284,-1
3285,-1
3286,-1
3287,-1
3288,-1
3289,1
3290,4
3291,-1
3292,0
3293,-1
3294,0
3295,1
3296,3
3297,2
3298,0
3299,-1
3300,-1
3301,-1
3302,1
3303,-1
3304,-1
3305,-1
3306,1
3307,5
3308,3
3309,3
3310,-1
3311,3
3312,-1
3313,-1
3314,4
3315,3
3316,-1
3317,-1
3318,-1
3319,1
3320,-1
3321,-1
3322,-1
3323,3
3324,-1
3325,1
3326,2
3327,-1
3328,0
3329,-1
3330,3
3331,1
3332,-1
3333,-1
3334,0
3335,-1
3336,4
3337,1
3338,0
3339,0
3340,-1
3341,-1
3342,0
3343,-1
3344,1
3345,1
3346,3
3347,-1
3348,0
3349,0
3350,1
3351,0
3352,1
3353,3
3354,-1
3355,-1
3356,2
3357,-1
3358,2
3359,-1
3360,0
3361,5
3362,-1
3363,4
3364,-1
3365,0
3366,-1
3367,3
3368,0
3369,0
3370,3
3371,-1
3372,-1
3373,-1
3374,2
3375,1
3376,2
3377,3
3378,-1
3379,2
3380,-1
3381,-1
3382,-1
3383,-1
3384,2
3385,-1
3386,4
3387,1
3388,4
3389,0
3390,5
3391,4
3392,-1
3393,-1
3394,0
3395,-1
3396,0
3397,-1
3398,-1
3399,-1
3400,-1
3401,3
3402,-1
3403,3
3404,-1
3405,-1
3406,3
3407,0
3408,-1
3409,1
3410,-1
3411,-1
3412,3
3413,-1
3414,-1
3415,5
3416,2
3417,-1
3418,1
3419,0
3420,1
3421,-1
3422,2
3423,-1
3424,1
3425,-1
3426,-1
3427,0
3428,0
3429,-1
3430,1
3431,-1
3432,-1
3433,1
3434,3
3435,0
3436,2
3437,-1
3438,0
3439,2
3440,-1
3441,-1
3442,1
3443,-1
3444,-1
3445,2
3446,3
3447,2
3448,1
3449,-1
3450,3
3451,4
3452,-1
3453,2
3454,-1
3455,-1
3456,-1
3457,1
3458,2
3459,0
3460,3
3461,-1
3462,-1
3463,4
3464,-1
3465,-1
3466,1
3467,-1
3468,0
3469,1
3470,-1
3471,-1
3472,1
3473,-1
3474,0
3475,2
3476,0
3477,-1
3478,-1
3479,-1
3480,3
3481,-1
3482,-1
3483,2
3484,5
3485,-1
3486,2
3487,2
3488,3
3489,-1
3490,-1
3491,-1
3492,-1
3493,-1
3494,1
3495,-1
3496,-1
3497,2
3498,0
3499,-1
3500,-1
3501,4
3502,3
3503,-1
3504,-1
3505,2
3506,-1
3507,-1
3508,0
3509,1
3510,0
3511,1
3512,1
3513,-1
3514,1
3515,-1
3516,0
3517,-1
3518,1
3519,-1
3520,-1
3521,1
3522,-1
3523,0
3524,3
3525,-1
3526,-1
3527,2
3528,1
3529,3
3530,5
3531,-1
3532,-1
3533,4
3534,-1
3535,2
3536,0
3537,-1
3538,2
3539,-1
3540,3
3541,1
3542,3
3543,-1
3544,4
3545,-1
3546,-1
3547,0
3548,-1
3549,-1
3550,-1
3551,2
3552,-1
3553,0
3554,-1
3555,-1
3556,0
3557,4
3558,0
3559,3
3560,2
3561,3
3562,0
3563,1
3564,4
3565,0
3566,3
3567,-1
3568,4
3569,-1
3570,-1
3571,-1
3572,3
3573,-1
3574,0
3575,-1
3576,2
3577,4
3578,-1
3579,0
3580,3
3581,0
3582,-1
3583,-1
3584,3
3585,0
3586,-1
3587,-1
3588,1
3589,4
3590,-1
3591,2
3592,-1
3593,2
3594,-1
3595,-1
3596,-1
3597,-1
3598,1
3599,-1
3600,2
3601,-1
3602,4
3603,-1
3604,-1
3605,-1
3606,4
3607,-1
3608,0
3609,-1
3610,0
3611,-1
3612,-1
3613,-1
3614,3
3615,3
3616,3
3617,4
3618,-1
3619,0
3620,-1
3621,-1
3622,-1
3623,0
3624,1
3625,4
3626,-1
3627,-1
3628,2
3629,2
3630,-1
3631,-1
3632,-1
3633,-1
3634,1
3635,-1
3636,-1
3637,-1
3638,-1
3639,-1
3640,-1
3641,-1
3642,1
3643,4
3644,0
3645,-1
3646,-1
3647,-1
3648,-1
3649,1
3650,0
3651,-1
3652,-1
3653,0
3654,-1
3655,-1
3656,-1
3657,-1
3658,-1
3659,0
3660,2
3661,-1
3662,5
3663,-1
3664,-1
3665,4
3666,-1
3667,-1
3668,4
3669,-1
3670,-1
3671,5
3672,-1
3673,2
3674,0
3675,5
3676,-1
3677,4
3678,-1
3679,2
3680,-1
3681,-1
3682,-1
3683,3
3684,1
3685,-1
3686,0
3687,2
3688,0
3689,3
3690,2
3691,-1
3692,4
3693,-1
3694,2
3695,-1
3696,-1
3697,-1
3698,0
3699,-1
3700,4
3701,-1
3702,0
3703,-1
3704,-1
3705,1
3706,1
3707,1
3708,-1
3709,0
3710,2
3711,3
3712,4
3713,3
3714,-1
3715,4
3716,-1
3717,3
3718,0
3719,3
3720,2
3721,2
3722,-1
3723,-1
3724,4
3725,4
3726,0
3727,2
3728,-1
3729,3
3730,-1
3731,2
3732,2
3733,2
3734,-1
3735,0
3736,-1
3737,-1
3738,1
3739,2
3740,0
3741,4
3742,-1
3743,-1
3744,-1
3745,4
3746,0
3747,-1
3748,0
3749,3
3750,1
3751,0
3752,-1
3753,1
3754,3
3755,-1
3756,3
3757,0
3758,-1
3759,-1
3760,2
3761,-1
3762,-1
3763,-1
3764,-1
3765,3
3766,0
3767,1
3768,2
3769,1
3770,-1
3771,3
3772,-1
3773,2
3774,1
3775,3
3776,-1
3777,2
3778,-1
3779,0
3780,-1
3781,-1
3782,2
3783,0
3784,-1
3785,-1
3786,-1
3787,0
3788,-1
3789,-1
3790,-1
3791,5
3792,-1
3793,-1
3794,-1
3795,-1
3796,0
3797,-1
3798,-1
3799,4
3800,2
3801,1
3802,-1
3803,-1
3804,0
3805,-1
3806,2
3807,-1
3808,1
3809,-1
3810,-1
3811,2
3812,-1
3813,1
3814,-1
3815,-1
3816,-1
3817,5
3818,1
3819,-1
3820,1
3821,1
3822,-1
3823,-1
3824,3
3825,-1
3826,-1
3827,4
3828,2
3829,-1
3830,-1
3831,-1
3832,1
3833,3
3834,-1
3835,2
3836,0
3837,1
3838,-1
3839,4
3840,2
3841,4
3842,3
3843,3
3844,-1
3845,-1
3846,-1
3847,-1
3848,-1
3849,-1
3850,2
3851,0
3852,-1
3853,-1
3854,-1
3855,-1
3856,1
3857,-1
3858,-1
3859,-1
3860,2
3861,-1
3862,2
3863,-1
3864,0
3865,0
3866,3
3867,-1
3868,-1
3869,2
3870,-1
3871,-1
3872,2
3873,-1
3874,5
3875,0
3876,-1
3877,2
3878,3
3879,3
3880,-1
3881,-1
3882,-1
3883,-1
3884,4
3885,-1
3886,1
3887,1
3888,-1
3889,-1
3890,2
3891,-1
3892,-1
3893,-1
3894,1
3895,1
3896,3
3897,4
3898,-1
3899,-1
3900,-1
3901,-1
3902,2
3903,-1
3904,-1
3905,2
3906,2
3907,3
3908,0
3909,-1
3910,3
3911,0
3912,3
3913,4
3914,1
3915,-1
3916,-1
3917,-1
3918,-1
3919,-1
3920,2
3921,-1
3922,0
3923,3
3924,-1
3925,4
3926,-1
3927,-1
3928,1
3929,1
3930,-1
3931,-1
3932,-1
3933,-1
3934,1
3935,1
3936,-1
3937,1
3938,-1
3939,-1
3940,-1
3941,-1
3942,3
3943,-1
3944,-1
3945,-1
3946,2
3947,-1
3948,-1
3949,2
3950,1
3951,-1
3952,1
3953,5
3954,4
3955,-1
3956,-1
3957,-1
3958,5
3959,-1
3960,-1
3961,1
3962,1
3963,-1
3964,-1
3965,4
3966,1
3967,-1
3968,-1
3969,2
3970,-1
3971,-1
3972,2
3973,-1
3974,5
3975,0
3976,1
3977,-1
3978,0
3979,-1
3980,3
3981,5
3982,2
3983,-1
3984,3
3985,-1
3986,1
3987,-1
3988,2
3989,4
3990,0
3991,-1
3992,-1
3993,2
3994,1
3995,0
3996,-1
3997,0
3998,-1
3999,-1
4000,2
4001,0
4002,0
4003,-1
4004,3
4005,0
4006,-1
4007,-1
4008,4
4009,-1
4010,1
4011,-1
4012,-1
4013,-1
4014,1
4015,0
4016,1
4017,4
4018,-1
4019,-1
4020,-1
4021,-1
4022,5
4023,0
4024,-1
4025,-1
4026,1
4027,-1
4028,3
4029,-1
4030,-1
4031,-1
4032,0
4033,-1
4034,-1
4035,0
4036,-1
4037,-1
4038,1
4039,3
4040,-1
4041,-1
4042,2
4043,-1
4044,2
4045,-1
4046,-1
4047,1
4048,-1
4049,-1
4050,1
4051,2
4052,4
4053,4
4054,-1
4055,-1
4056,2
4057,2
4058,0
4059,2
4060,4
4061,4
4062,0
4063,0
4064,1
4065,3
4066,-1
4067,5
4068,4
4069,-1
4070,2
4071,2
4072,-1
4073,-1
4074,0
4075,-1
4076,-1
4077,-1
4078,0
4079,2
4080,4
4081,-1
4082,-1
4083,2
4084,2
4085,1
4086,1
4087,5
4088,-1
4089,2
4090,0
4091,-1
4092,1
4093,4
4094,2
4095,-1
4096,0
4097,0
4098,5
4099,0
4100,3
4101,-1
4102,1
4103,-1
4104,1
4105,-1
4106,-1
4107,2
4108,0
4109,0
4110,-1
4111,1
4112,2
4113,-1
4114,-1
4115,-1
4116,3
4117,3
4118,-1
4119,-1
4120,0
4121,0
4122,2
4123,-1
4124,-1
4125,0
4126,3
4127,-1
4128,-1
4129,4
4130,4
4131,1
4132,0
4133,-1
4134,3
4135,4
4136,0
4137,-1
4138,-1
4139,-1
4140,-1
4141,-1
4142,-1
4143,-1
4144,-1
4145,-1
4146,-1
4147,-1
4148,-1
4149,3
4150,3
4151,5
4152,3
4153,-1
4154,3
4155,0
4156,-1
4157,1
4158,-1
4159,-1
4160,2
4161,0
4162,0
4163,0
4164,3
4165,-1
4166,2
4167,-1
4168,-1
4169,0
4170,1
4171,-1
4172,3
4173,-1
4174,1
4175,3
4176,-1
4177,3
4178,-1
4179,1
4180,1
4181,3
4182,-1
4183,-1
4184,4
4185,-1
4186,-1
4187,1
4188,1
4189,-1
4190,-1
4191,-1
4192,1
4193,-1
4194,1
4195,-1
4196,-1
4197,2
4198,-1
4199,0
4200,-1
4201,-1
4202,-1
4203,-1
4204,2
4205,-1
4206,-1
4207,-1
4208,4
4209,-1
4210,1
4211,0
4212,-1
4213,-1
4214,-1
4215,4
4216,-1
4217,1
4218,1
4219,-1
4220,-1
4221,-1
4222,-1
4223,-1
4224,2
4225,1
4226,-1
4227,0
4228,3
4229,-1
4230,-1
4231,-1
4232,1
4233,1
4234,2
4235,4
4236,-1
4237,-1
4238,3
4239,-1
4240,0
4241,-1
4242,-1
4243,0
4244,-1
4245,-1
4246,-1
4247,1
4248,-1
4249,3
4250,-1
4251,-1
4252,-1
4253,-1
4254,-1
4255,2
4256,-1
4257,3
4258,-1
4259,-1
4260,1
4261,0
4262,2
4263,-1
4264,-1
4265,-1
4266,4
4267,4
4268,-1
4269,4
4270,-1
4271,-1
4272,0
4273,-1
4274,1
4275,0
4276,0
4277,2
4278,-1
4279,4
4280,-1
4281,0
4282,2
4283,-1
4284,4
4285,-1
4286,3
4287,0
4288,1
4289,5
4290,3
4291,-1
4292,2
4293,-1
4294,4
4295,3
4296,-1
4297,2
4298,2
4299,1
4300,-1
4301,-1
4302,-1
4303,1
4304,3
4305,2
4306,3
4307,-1
4308,-1
4309,-1
4310,-1
4311,-1
4312,2
4313,4
4314,-1
4315,-1
4316,3
4317,-1
4318,1
4319,-1
4320,1
4321,2
4322,-1
4323,3
4324,3
4325,-1
4326,-1
4327,-1
4328,5
4329,5
4330,-1
4331,-1
4332,-1
4333,-1
4334,-1
4335,3
4336,0
4337,0
4338,-1
4339,0
4340,0
4341,-1
4342,0
4343,0
4344,0
4345,0
4346,3
4347,1
4348,-1
4349,3
4350,-1
4351,4
4352,-1
4353,2
4354,-1
4355,5
4356,2
4357,4
4358,-1
4359,-1
4360,1
4361,-1
4362,1
4363,2
4364,-1
4365,3
4366,-1
4367,-1
4368,5
4369,0
4370,-1
4371,-1
4372,-1
4373,-1
4374,0
4375,-1
4376,-1
4377,2
4378,-1
4379,3
4380,-1
4381,-1
4382,0
4383,1
4384,-1
4385,-1
4386,0
4387,2
4388,2
4389,0
4390,1
4391,4
4392,-1
4393,-1
4394,-1
4395,2
4396,3
4397,4
4398,4
4399,-1
4400,-1
4401,2
4402,0
4403,-1
4404,2
4405,0
4406,2
4407,-1
4408,2
4409,1
4410,2
4411,1
4412,3
4413,2
4414,2
4415,-1
4416,3
4417,-1
4418,-1
4419,-1
4420,-1
4421,-1
4422,-1
4423,-1
4424,0
4425,-1
4426,5
4427,5
4428,-1
4429,-1
4430,4
4431,-1
4432,-1
4433,-1
4434,-1
4435,-1
4436,0
4437,-1
4438,0
4439,3
4440,0
4441,-1
4442,0
4443,4
4444,0
4445,4
4446,0
4447,-1
4448,1
4449,3
4450,-1
4451,-1
4452,3
4453,-1
4454,-1
4455,-1
4456,-1
4457,-1
4458,2
4459,3
4460,0
4461,4
4462,-1
4463,-1
4464,1
4465,-1
4466,-1
4467,1
4468,5
4469,-1
4470,3
4471,2
4472,0
4473,2
4474,-1
4475,3
4476,2
4477,3
4478,-1
4479,0
4480,-1
4481,1
4482,0
4483,-1
4484,4
4485,3
4486,5
4487,0
4488,-1
4489,-1
4490,4
4491,1
4492,-1
4493,-1
4494,1
4495,4
4496,-1
4497,2
4498,2
4499,5
4500,-1
4501,1
4502,-1
4503,-1
4504,-1
4505,2
4506,2
4507,4
4508,-1
4509,-1
4510,1
4511,1
4512,3
4513,-1
4514,-1
4515,2
4516,5
4517,2
4518,3
4519,-1
4520,1
4521,4
4522,-1
4523,-1
4524,-1
4525,-1
4526,5
4527,2
4528,-1
4529,-1
4530,-1
4531,-1
4532,0
4533,3
4534,3
4535,4
4536,-1
4537,2
4538,3
4539,-1
4540,1
4541,-1
4542,1
4543,-1
4544,-1
4545,-1
4546,2
4547,-1
4548,-1
4549,1
4550,-1
4551,2
4552,-1
4553,-1
4554,-1
4555,4
4556,1
4557,5
4558,4
4559,1
4560,1
4561,3
4562,1
4563,-1
4564,0
4565,2
4566,-1
4567,-1
4568,3
4569,1
4570,1
4571,1
4572,-1
4573,-1
4574,-1
4575,-1
4576,1
4577,-1
4578,0
4579,2
4580,1
4581,-1
4582,0
4583,2
4584,-1
4585,-1
4586,-1
4587,-1
4588,3
4589,0
4590,2
4591,-1
4592,-1
4593,-1
4594,-1
4595,-1
4596,1
4597,-1
4598,1
4599,3
4600,3
4601,1
4602,-1
4603,-1
4604,-1
4605,0
4606,1
4607,-1
4608,3
4609,0
4610,0
4611,-1
4612,4
4613,-1
4614,0
4615,-1
4616,-1
4617,-1
4618,-1
4619,1
4620,0
4621,-1
4622,3
4623,2
4624,4
4625,2
4626,-1
4627,3
4628,1
4629,-1
4630,2
4631,0
4632,2
4633,-1
4634,3
4635,-1
4636,-1
4637,2
4638,3
4639,-1
4640,-1
4641,1
4642,-1
4643,1
4644,-1
4645,4
4646,3
4647,3
4648,3
4649,-1
4650,-1
4651,1
4652,0
4653,3
4654,-1
4655,-1
4656,1
4657,3
4658,2
4659,1
4660,-1
4661,-1
4662,-1
4663,0
4664,-1
4665,-1
4666,2
4667,-1
4668,-1
4669,5
4670,3
4671,0
4672,1
4673,-1
4674,1
4675,1
4676,3
4677,-1
4678,-1
4679,0
4680,-1
4681,-1
4682,4
4683,2
4684,-1
4685,3
4686,5
4687,3
4688,-1
4689,-1
4690,-1
4691,-1
4692,-1
4693,1
4694,5
4695,3
4696,1
4697,0
4698,0
4699,-1
4700,-1
4701,-1
4702,-1
4703,-1
4704,-1
4705,-1
4706,5
4707,-1
4708,0
4709,-1
4710,-1
4711,-1
4712,1
4713,1
4714,0
4715,-1
4716,-1
4717,-1
4718,-1
4719,1
4720,-1
4721,-1
4722,-1
4723,2
4724,-1
4725,-1
4726,-1
4727,2
4728,-1
4729,-1
4730,2
4731,0
4732,-1
4733,1
4734,-1
4735,-1
4736,-1
4737,0
4738,0
4739,-1
4740,2
4741,-1
4742,0
4743,0
4744,-1
4745,4
4746,-1
4747,1
4748,-1
4749,3
4750,-1
4751,-1
4752,2
4753,1
4754,2
4755,4
4756,-1
4757,4
4758,-1
4759,-1
4760,2
4761,5
4762,1
4763,-1
4764,-1
4765,0
4766,4
4767,-1
4768,3
4769,-1
4770,-1
4771,-1
4772,3
4773,-1
4774,-1
4775,3
4776,1
4777,-1
4778,1
4779,-1
4780,3
4781,-1
4782,0
4783,3
4784,1
4785,-1
4786,-1
4787,-1
4788,-1
4789,2
4790,1
4791,-1
4792,-1
4793,-1
4794,-1
4795,0
4796,3
4797,-1
4798,-1
4799,3
4800,5
4801,1
4802,1
4803,-1
4804,-1
4805,4
4806,0
4807,4
4808,3
4809,-1
4810,-1
4811,-1
4812,2
4813,-1
4814,2
4815,-1
4816,1
4817,-1
4818,-1
4819,-1
4820,0
4821,-1
4822,0
4823,1
4824,5
4825,-1
4826,-1
4827,3
4828,-1
4829,1
4830,-1
4831,-1
4832,1
4833,-1
4834,2
4835,0
4836,3
4837,3
4838,0
4839,-1
4840,-1
4841,0
4842,2
4843,-1
4844,1
4845,-1
4846,0
4847,0
4848,-1
4849,1
4850,-1
4851,0
4852,-1
4853,1
4854,5
4855,-1
4856,2
4857,-1
4858,-1
4859,-1
4860,-1
4861,1
4862,2
4863,4
4864,-1
4865,-1
4866,-1
4867,3
4868,-1
4869,-1
4870,1
4871,1
4872,-1
4873,-1
4874,3
4875,2
4876,4
4877,1
4878,-1
4879,-1
4880,0
4881,2
4882,-1
4883,-1
4884,3
4885,-1
4886,-1
4887,-1
4888,2
4889,1
4890,-1
4891,-1
4892,-1
4893,1
4894,3
4895,1
4896,3
4897,3
4898,2
4899,-1
4900,-1
4901,-1
4902,0
4903,5
4904,-1
4905,-1
4906,1
4907,1
4908,-1
4909,1
4910,3
4911,0
4912,3
4913,3
4914,-1
4915,-1
4916,-1
4917,1
4918,3
4919,1
4920,-1
4921,0
4922,2
4923,0
4924,5
4925,3
4926,-1
4927,1
4928,-1
4929,-1
4930,-1
4931,0
4932,-1
4933,4
4934,-1
4935,-1
4936,-1
4937,-1
4938,1
4939,2
4940,3
4941,1
4942,3
4943,0
4944,0
4945,2
4946,-1
4947,1
4948,0
4949,-1
4950,1
4951,4
4952,-1
4953,-1
4954,0
4955,-1
4956,-1
4957,1
4958,-1
4959,2
4960,-1
4961,4
4962,-1
4963,-1
4964,5
4965,-1
4966,-1
4967,-1
4968,-1
4969,1
4970,-1
4971,1
4972,-1
4973,1
4974,1
4975,2
4976,3
4977,-1
4978,1
4979,4
4980,1
4981,-1
4982,-1
4983,2
4984,3
4985,3
4986,3
4987,1
4988,-1
4989,1
4990,1
4991,0
4992,-1
4993,0
4994,4
4995,-1
4996,1
4997,-1
4998,-1
4999,0
5000,2
5001,3
5002,2
5003,-1
5004,5
5005,-1
5006,2
5007,-1
5008,1
5009,-1
5010,3
5011,-1
5012,-1
5013,-1
5014,-1
5015,-1
5016,2
5017,-1
5018,-1
5019,1
5020,-1
5021,3
5022,2
5023,-1
5024,3
5025,-1
5026,1
5027,5
5028,-1
5029,-1
5030,0
5031,-1
5032,0
5033,0
5034,3
5035,2
5036,4
5037,3
5038,5
5039,-1
5040,2
5041,-1
5042,-1
5043,-1
5044,-1
5045,-1
5046,-1
5047,2
5048,-1
5049,-1
5050,0
5051,3
5052,3
5053,0
5054,1
5055,-1
5056,-1
5057,3
5058,2
5059,-1
5060,-1
5061,2
5062,-1
5063,-1
5064,-1
5065,-1
5066,-1
5067,0
5068,-1
5069,-1
5070,0
5071,-1
5072,1
5073,3
5074,2
5075,1
5076,0
5077,2
5078,0
5079,2
5080,4
5081,0
5082,1
5083,-1
5084,-1
5085,-1
5086,4
5087,-1
5088,2
5089,0
5090,3
5091,1
5092,4
5093,3
5094,-1
5095,4
5096,-1
5097,1
5098,-1
5099,-1
5100,-1
5101,-1
5102,2
5103,-1
5104,3
5105,2
5106,-1
5107,2
5108,-1
5109,-1
5110,1
5111,-1
5112,-1
5113,0
5114,-1
5115,4
5116,2
5117,-1
5118,1
5119,3
5120,3
5121,-1
5122,-1
5123,-1
5124,-1
5125,5
5126,5
5127,-1
5128,-1
5129,4
5130,2
5131,2
5132,4
5133,-1
5134,1
5135,3
5136,-1
5137,-1
5138,2
5139,-1
5140,-1
5141,-1
5142,-1
5143,1
5144,-1
5145,-1
5146,3
5147,4
5148,-1
5149,3
5150,4
5151,5
5152,0
5153,-1
5154,-1
5155,3
5156,0
5157,3
5158,-1
5159,0
5160,3
5161,5
5162,-1
5163,-1
5164,-1
5165,2
5166,-1
5167,0
5168,0
5169,0
5170,2
5171,-1
5172,1
5173,0
5174,-1
5175,1
5176,-1
5177,4
5178,1
5179,3
5180,-1
5181,-1
5182,3
5183,2
5184,-1
5185,-1
5186,-1
5187,-1
5188,2
5189,4
5190,0
5191,-1
5192,0
5193,-1
5194,-1
5195,-1
5196,2
5197,-1
5198,-1
5199,0
5200,-1
5201,0
5202,-1
5203,3
5204,-1
5205,-1
5206,-1
5207,1
5208,-1
5209,-1
5210,-1
5211,-1
5212,2
5213,-1
5214,1
5215,-1
5216,-1
5217,4
5218,1
5219,-1
5220,3
5221,-1
5222,-1
5223,1
5224,3
5225,1
5226,0
5227,3
5228,-1
5229,5
5230,-1
5231,0
5232,-1
5233,1
5234,0
5235,0
5236,-1
5237,-1
5238,-1
5239,1
5240,1
5241,-1
5242,3
5243,-1
5244,-1
5245,1
5246,-1
5247,-1
5248,-1
5249,-1
5250,-1
5251,1
5252,1
5253,2
5254,0
5255,-1
5256,-1
5257,2
5258,-1
5259,0
5260,-1
5261,-1
5262,-1
5263,5
5264,0
5265,-1
5266,-1
5267,-1
5268,2
5269,4
5270,0
5271,-1
5272,1
5273,4
5274,-1
5275,0
5276,-1
5277,4
5278,4
5279,2
5280,-1
5281,-1
5282,-1
5283,5
5284,2
5285,-1
5286,0
5287,-1
5288,-1
5289,0
5290,1
5291,-1
5292,-1
5293,0
5294,-1
5295,3
5296,0
5297,-1
5298,2
5299,-1
5300,0
5301,3
5302,-1
5303,0
5304,-1
5305,-1
5306,3
5307,1
5308,-1
5309,0
5310,-1
5311,2
5312,3
5313,-1
5314,1
5315,2
5316,3
5317,3
5318,5
5319,2
5320,-1
5321,3
5322,-1
5323,1
5324,-1
5325,-1
5326,-1
5327,-1
5328,-1
5329,4
5330,2
5331,3
5332,3
5333,-1
5334,-1
5335,-1
5336,3
5337,2
5338,0
5339,0
5340,3
5341,-1
5342,0
5343,1
5344,0
5345,1
5346,-1
5347,3
5348,-1
5349,-1
5350,-1
5351,1
5352,5
5353,0
5354,-1
5355,-1
5356,5
5357,2
5358,-1
5359,-1
5360,0
5361,-1
5362,4
5363,0
5364,-1
5365,-1
5366,0
5367,-1
5368,1
5369,-1
5370,3
5371,-1
5372,2
5373,1
5374,3
5375,-1
5376,2
5377,-1
5378,1
5379,-1
5380,1
5381,-1
5382,0
5383,3
5384,2
5385,-1
5386,-1
5387,-1
5388,-1
5389,-1
5390,-1
5391,1
5392,-1
5393,0
5394,-1
5395,-1
5396,0
5397,1
5398,-1
5399,-1
5400,0
5401,4
5402,-1
5403,-1
5404,-1
5405,-1
5406,-1
5407,0
5408,3
5409,1
5410,1
5411,0
5412,-1
5413,-1
5414,-1
5415,-1
5416,-1
5417,1
5418,4
5419,-1
5420,-1
5421,1
5422,-1
5423,-1
5424,4
5425,4
5426,-1
5427,-1
5428,4
5429,0
5430,0
5431,0
5432,1
5433,-1
5434,-1
5435,-1
5436,-1
5437,2
5438,2
5439,1
5440,-1
5441,0
5442,1
5443,-1
5444,0
5445,5
5446,-1
5447,3
5448,-1
5449,-1
5450,5
5451,-1
5452,-1
5453,1
5454,-1
5455,3
5456,-1
5457,-1
5458,4
5459,5
5460,-1
5461,-1
5462,0
5463,-1
5464,2
5465,3
5466,-1
5467,2
5468,5
5469,0
5470,2
5471,0
5472,-1
5473,-1
5474,0
5475,-1
5476,-1
5477,1
5478,0
5479,0
5480,1
5481,2
5482,3
5483,-1
5484,-1
5485,-1
5486,0
5487,3
5488,0
5489,-1
5490,3
5491,0
5492,-1
5493,-1
5494,-1
5495,3
5496,1
5497,3
5498,-1
5499,0
5500,1
5501,0
5502,-1
5503,3
5504,-1
5505,4
5506,-1
5507,2
5508,1
5509,1
5510,-1
5511,1
5512,-1
5513,-1
5514,2
5515,2
5516,3
5517,-1
5518,3
5519,-1
5520,1
5521,4
5522,-1
5523,-1
5524,-1
5525,-1
5526,-1
5527,-1
5528,2
5529,1
5530,-1
5531,0
5532,0
5533,1
5534,-1
5535,0
5536,-1
5537,-1
5538,1
5539,-1
5540,0
5541,-1
5542,-1
5543,-1
5544,-1
5545,-1
5546,1
5547,0
5548,-1
5549,0
5550,0
5551,-1
5552,-1
5553,-1
5554,1
5555,-1
5556,-1
5557,2
5558,-1
5559,1
5560,-1
5561,3
5562,-1
5563,1
5564,1
5565,1
5566,1
5567,5
5568,-1
5569,-1
5570,1
5571,3
5572,-1
5573,-1
5574,-1
5575,4
5576,-1
5577,0
5578,-1
5579,-1
5580,-1
5581,2
5582,3
5583,-1
5584,2
5585,0
5586,1
5587,1
5588,-1
5589,-1
5590,0
5591,-1
5592,3
5593,-1
5594,-1
5595,-1
5596,3
5597,3
5598,-1
5599,4
5600,-1
5601,-1
5602,0
5603,1
5604,-1
5605,5
5606,1
5607,3
5608,1
5609,2
5610,2
5611,4
5612,0
5613,-1
5614,2
5615,-1
5616,-1
5617,-1
5618,2
5619,3
5620,3
5621,-1
5622,1
5623,1
5624,-1
5625,-1
5626,4
5627,2
5628,-1
5629,2
5630,2
5631,-1
5632,1
5633,-1
5634,2
5635,2
5636,2
5637,3
5638,2
5639,-1
5640,-1
5641,0
5642,0
5643,0
5644,-1
5645,-1
5646,-1
5647,-1
5648,-1
5649,-1
5650,2
5651,-1
5652,5
5653,-1
5654,0
5655,4
5656,-1
5657,1
5658,-1
5659,-1
5660,1
5661,-1
5662,3
5663,-1
5664,-1
5665,1
5666,-1
5667,1
5668,-1
5669,-1
5670,3
5671,-1
5672,0
5673,4
5674,3
5675,1
5676,1
5677,-1
5678,-1
5679,-1
5680,-1
5681,-1
5682,-1
5683,2
5684,4
5685,-1
5686,2
5687,-1
5688,2
5689,-1
5690,2
5691,0
5692,5
5693,3
5694,-1
5695,-1
5696,-1
5697,0
5698,3
5699,0
5700,1
5701,-1
5702,-1
5703,1
5704,5
5705,0
5706,0
5707,2
5708,-1
5709,4
5710,1
5711,1
5712,3
5713,-1
5714,3
5715,-1
5716,4
5717,0
5718,-1
5719,4
5720,0
5721,2
5722,2
5723,5
5724,0
5725,5
5726,-1
5727,0
5728,3
5729,-1
5730,3
5731,3
5732,-1
5733,0
5734,0
5735,4
5736,3
5737,3
5738,-1
5739,-1
5740,-1
5741,-1
5742,-1
5743,0
5744,1
5745,3
5746,-1
5747,2
5748,3
5749,-1
5750,-1
5751,4
5752,-1
5753,0
5754,-1
5755,-1
5756,-1
5757,-1
5758,0
5759,-1
5760,-1
5761,-1
5762,1
5763,-1
5764,3
5765,-1
5766,-1
5767,-1
5768,0
5769,3
5770,2
5771,-1
5772,-1
5773,1
5774,-1
5775,1
5776,-1
5777,-1
5778,-1
5779,0
5780,-1
5781,2
5782,-1
5783,2
5784,-1
5785,0
5786,0
5787,-1
5788,-1
5789,3
5790,2
5791,-1
5792,-1
5793,1
5794,0
5795,4
5796,3
5797,1
5798,-1
5799,5
5800,-1
5801,-1
5802,-1
5803,2
5804,3
5805,-1
5806,-1
5807,0
5808,4
5809,-1
5810,-1
5811,-1
5812,-1
5813,-1
5814,-1
5815,-1
5816,5
5817,3
5818,-1
5819,1
5820,-1
5821,-1
5822,0
5823,1
5824,-1
5825,-1
5826,-1
5827,1
5828,-1
5829,0
5830,-1
5831,4
5832,1
5833,-1
5834,-1
5835,-1
5836,5
5837,5
5838,1
5839,-1
5840,3
5841,3
5842,0
5843,-1
5844,-1
5845,-1
5846,2
5847,-1
5848,2
5849,3
5850,-1
5851,0
5852,5
5853,0
5854,3
5855,2
5856,-1
5857,0
5858,2
5859,-1
5860,0
5861,1
5862,0
5863,-1
5864,1
5865,1
5866,1
5867,3
5868,-1
5869,1
5870,1
5871,-1
5872,1
5873,1
5874,-1
5875,-1
5876,1
5877,0
5878,-1
5879,-1
5880,-1
5881,0
5882,-1
5883,1
5884,0
5885,-1
5886,2
5887,0
5888,-1
5889,3
5890,-1
5891,3
5892,-1
5893,-1
5894,-1
5895,-1
5896,-1
5897,-1
5898,3
5899,-1
5900,3
5901,1
5902,-1
5903,1
5904,-1
5905,2
5906,-1
5907,1
5908,1
5909,-1
5910,-1
5911,-1
5912,-1
5913,-1
5914,4
5915,-1
5916,-1
5917,4
5918,3
5919,-1
5920,-1
5921,-1
5922,-1
5923,-1
5924,2
5925,0
5926,1
5927,-1
5928,-1
5929,-1
5930,-1
5931,-1
5932,-1
5933,1
5934,-1
5935,-1
5936,-1
5937,4
5938,-1
5939,1
5940,-1
5941,1
5942,-1
5943,3
5944,2
5945,2
5946,4
5947,-1
5948,3
5949,-1
5950,3
5951,4
5952,0
5953,1
5954,3
5955,-1
5956,2
5957,4
5958,1
5959,0
5960,0
5961,-1
5962,-1
5963,2
5964,-1
5965,-1
5966,0
5967,-1
5968,-1
5969,-1
5970,-1
5971,-1
5972,-1
5973,-1
5974,2
5975,-1
5976,4
5977,-1
5978,4
5979,-1
5980,5
5981,1
5982,-1
5983,-1
5984,-1
5985,-1
5986,2
5987,-1
5988,-1
5989,-1
5990,-1
5991,-1
5992,-1
5993,-1
5994,0
5995,4
5996,-1
5997,3
5998,-1
5999,-1
6000,3
6001,-1
6002,0
6003,2
6004,5
6005,0
6006,1
6007,3
6008,1
6009,1
6010,-1
6011,-1
6012,-1
6013,1
6014,-1
6015,-1
6016,3
6017,-1
6018,3
6019,1
6020,4
6021,-1
6022,2
6023,2
6024,2
6025,2
6026,-1
6027,1
6028,-1
6029,3
6030,0
6031,-1
6032,1
6033,4
6034,0
6035,-1
6036,-1
6037,-1
6038,-1
6039,-1
6040,-1
6041,-1
6042,-1
6043,0
6044,1
6045,-1
6046,0
6047,-1
6048,3
6049,1
6050,0
6051,-1
6052,2
6053,1
6054,5
6055,-1
6056,1
6057,1
6058,1
6059,1
6060,-1
6061,3
6062,3
6063,-1
6064,-1
6065,-1
6066,-1
6067,-1
6068,1
6069,-1
6070,-1
6071,0
6072,-1
6073,3
6074,0
6075,2
6076,2
6077,-1
6078,-1
6079,-1
6080,4
6081,-1
6082,-1
6083,0
6084,2
6085,-1
6086,0
6087,-1
6088,3
6089,-1
6090,-1
6091,-1
6092,3
6093,4
6094,1
6095,-1
6096,0
6097,-1
6098,-1
6099,0
6100,3
6101,4
6102,-1
6103,-1
6104,3
6105,-1
6106,3
6107,0
6108,-1
6109,-1
6110,-1
6111,0
6112,-1
6113,-1
6114,1
6115,-1
6116,-1
6117,1
6118,1
6119,-1
6120,2
6121,1
6122,-1
6123,1
6124,0
6125,-1
6126,-1
6127,3
6128,3
6129,-1
6130,2
6131,-1
6132,-1
6133,-1
6134,-1
6135,4
6136,1
6137,-1
6138,3
6139,-1
6140,-1
6141,-1
6142,-1
6143,0
6144,-1
6145,-1
6146,-1
6147,-1
6148,-1
6149,3
6150,-1
6151,-1
6152,3
6153,2
6154,-1
6155,-1
6156,3
6157,-1
6158,1
6159,3
6160,-1
6161,4
6162,-1
6163,2
6164,-1
6165,-1
6166,0
6167,-1
6168,1
6169,-1
6170,3
6171,-1
6172,4
6173,3
6174,-1
6175,-1
6176,-1
6177,2
6178,1
6179,1
6180,0
6181,4
6182,-1
6183,3
6184,2
6185,-1
6186,-1
6187,0
6188,2
6189,4
6190,-1
6191,0
6192,-1
6193,-1
6194,3
6195,-1
6196,-1
6197,-1
6198,2
6199,5
6200,1
6201,1
6202,-1
6203,3
6204,4
6205,1
6206,-1
6207,-1
6208,1
6209,0
6210,-1
6211,-1
6212,-1
6213,-1
6214,1
6215,0
6216,-1
6217,-1
6218,2
6219,-1
6220,0
6221,4
6222,2
6223,-1
6224,0
6225,0
6226,4
6227,4
6228,-1
6229,1
6230,1
6231,-1
6232,-1
6233,3
6234,-1
6235,3
6236,-1
6237,-1
6238,-1
6239,-1
6240,-1
6241,-1
6242,-1
6243,5
6244,-1
6245,-1
6246,1
6247,-1
6248,3
6249,2
6250,-1
6251,-1
6252,2
6253,3
6254,3
6255,1
6256,-1
6257,3
6258,3
6259,5
6260,-1
6261,1
6262,-1
6263,-1
6264,3
6265,2
6266,1
6267,-1
6268,0
6269,-1
6270,-1
6271,-1
6272,3
6273,2
6274,-1
6275,-1
6276,1
6277,0
6278,3
6279,-1
6280,-1
6281,-1
6282,1
6283,-1
6284,1
6285,4
6286,-1
6287,3
6288,0
6289,0
6290,-1
6291,1
6292,-1
6293,-1
6294,-1
6295,-1
6296,-1
6297,-1
6298,5
6299,1
6300,1
6301,-1
6302,4
6303,-1
6304,3
6305,0
6306,4
6307,-1
6308,5
6309,-1
6310,-1
6311,0
6312,0
6313,-1
6314,0
6315,0
6316,-1
6317,-1
6318,5
6319,-1
6320,-1
6321,-1
6322,0
6323,-1
6324,-1
6325,-1
6326,-1
6327,-1
6328,-1
6329,-1
6330,-1
6331,-1
6332,1
6333,-1
6334,3
6335,-1
6336,-1
6337,2
6338,-1
6339,-1
6340,-1
6341,4
6342,-1
6343,-1
6344,-1
6345,0
6346,-1
6347,-1
6348,-1
6349,-1
6350,2
6351,0
6352,-1
6353,-1
6354,-1
6355,1
6356,-1
6357,-1
6358,4
6359,2
6360,1
6361,-1
6362,-1
6363,1
6364,-1
6365,3
6366,-1
6367,-1
6368,0
6369,0
6370,0
6371,-1
6372,2
6373,2
6374,-1
6375,-1
6376,1
6377,-1
6378,-1
6379,-1
6380,-1
6381,-1
6382,-1
6383,-1
6384,-1
6385,2
6386,1
6387,-1
6388,0
6389,-1
6390,0
6391,1
6392,-1
6393,5
6394,2
6395,0
6396,-1
6397,-1
6398,1
6399,-1
6400,3
6401,-1
6402,0
6403,2
6404,0
6405,-1
6406,2
6407,-1
6408,-1
6409,2
6410,2
6411,2
6412,-1
6413,-1
6414,5
6415,3
6416,2
6417,-1
6418,2
6419,-1
6420,-1
6421,4
6422,-1
6423,1
6424,-1
6425,4
6426,2
6427,-1
6428,-1
6429,-1
6430,5
6431,-1
6432,-1
6433,-1
6434,-1
6435,2
6436,1
6437,1
6438,-1
6439,0
6440,-1
6441,-1
6442,1
6443,-1
6444,0
6445,0
6446,-1
6447,0
6448,-1
6449,-1
6450,2
6451,-1
6452,-1
6453,3
6454,0
6455,-1
6456,-1
6457,-1
6458,3
6459,4
6460,1
6461,1
6462,-1
6463,1
6464,0
6465,0
6466,-1
6467,-1
6468,-1
6469,0
6470,1
6471,1
6472,-1
6473,-1
6474,1
6475,0
6476,4
6477,-1
6478,3
6479,-1
6480,-1
6481,-1
6482,-1
6483,0
6484,4
6485,-1
6486,-1
6487,0
6488,-1
6489,5
6490,3
6491,0
6492,2
6493,-1
6494,-1
6495,1
6496,5
6497,-1
6498,1
6499,-1
6500,-1
6501,1
6502,-1
6503,0
6504,-1
6505,-1
6506,2
6507,-1
6508,-1
6509,1
6510,3
6511,-1
6512,-1
6513,4
6514,-1
6515,-1
6516,-1
6517,-1
6518,0
6519,0
6520,0
6521,4
6522,0
6523,1
6524,0
6525,3
6526,-1
6527,4
6528,2
6529,-1
6530,1
6531,-1
6532,-1
6533,-1
6534,-1
6535,-1
6536,0
6537,-1
6538,-1
6539,3
6540,5
6541,4
6542,-1
6543,-1
6544,0
6545,-1
6546,-1
6547,-1
6548,-1
6549,4
6550,2
6551,2
6552,1
6553,2
6554,4
6555,-1
6556,2
6557,-1
6558,-1
6559,-1
6560,1
6561,0
6562,1
6563,0
6564,0
6565,1
6566,-1
6567,-1
6568,-1
6569,0
6570,-1
6571,-1
6572,-1
6573,-1
6574,-1
6575,-1
6576,3
6577,-1
6578,2
6579,-1
6580,-1
6581,-1
6582,-1
6583,1
6584,1
6585,-1
6586,2
6587,4
6588,-1
6589,3
6590,0
6591,-1
6592,-1
6593,-1
6594,-1
6595,1
6596,0
6597,1
6598,2
6599,-1
6600,0
6601,0
6602,-1
6603,-1
6604,-1
6605,-1
6606,-1
6607,3
6608,0
6609,-1
6610,1
6611,0
6612,-1
6613,-1
6614,2
6615,-1
6616,5
6617,-1
6618,-1
6619,-1
6620,-1
6621,3
6622,4
6623,-1
6624,3
6625,1
6626,3
6627,-1
6628,5
6629,-1
6630,-1
6631,-1
6632,0
6633,1
6634,0
6635,-1
6636,5
6637,1
6638,-1
6639,1
6640,-1
6641,1
6642,-1
6643,-1
6644,-1
6645,0
6646,4
6647,-1
6648,-1
6649,-1
6650,-1
6651,0
6652,-1
6653,1
6654,-1
6655,-1
6656,1
6657,5
6658,4
6659,-1
6660,-1
6661,-1
6662,-1
6663,-1
6664,-1
6665,0
6666,-1
6667,0
6668,3
6669,3
6670,-1
6671,0
6672,-1
6673,-1
6674,3
6675,2
6676,-1
6677,1
6678,0
6679,-1
6680,-1
6681,2
6682,0
6683,-1
6684,4
6685,5
6686,-1
6687,2
6688,1
6689,-1
6690,-1
6691,-1
6692,1
6693,-1
6694,-1
6695,-1
6696,-1
6697,-1
6698,-1
6699,1
6700,-1
6701,4
6702,-1
6703,-1
6704,0
6705,-1
6706,-1
6707,-1
6708,-1
6709,-1
6710,-1
6711,-1
6712,-1
6713,4
6714,-1
6715,3
6716,1
6717,5
6718,-1
6719,3
6720,2
6721,1
6722,-1
6723,-1
6724,1
6725,-1
6726,-1
6727,0
6728,5
6729,-1
6730,2
6731,2
6732,0
6733,1
6734,-1
6735,1
6736,-1
6737,-1
6738,1
6739,0
6740,2
6741,0
6742,-1
6743,1
6744,-1
6745,5
6746,2
6747,0
6748,-1
6749,2
6750,3
6751,3
6752,2
6753,5
6754,3
6755,1
6756,2
6757,-1
6758,-1
6759,1
6760,2
6761,2
6762,3
6763,0
6764,5
6765,-1
6766,-1
6767,0
6768,1
6769,-1
6770,-1
6771,5
6772,0
6773,-1
6774,-1
6775,-1
6776,2
6777,-1
6778,-1
6779,1
6780,-1
6781,1
6782,5
6783,1
6784,2
6785,-1
6786,-1
6787,-1
6788,-1
6789,3
6790,-1
6791,-1
6792,5
6793,-1
6794,-1
6795,-1
6796,-1
6797,-1
6798,-1
6799,-1
6800,3
6801,-1
6802,1
6803,-1
6804,5
6805,0
6806,4
6807,-1
6808,-1
6809,4
6810,5
6811,0
6812,1
6813,1
6814,2
6815,3
6816,4
6817,-1
6818,1
6819,-1
6820,4
6821,-1
6822,1
6823,-1
6824,-1
6825,-1
6826,3
6827,3
6828,2
6829,-1
6830,4
6831,3
6832,-1
6833,3
6834,-1
6835,2
6836,3
6837,-1
6838,-1
6839,2
6840,4
6841,-1
6842,5
6843,-1
6844,3
6845,-1
6846,1
6847,0
6848,3
6849,4
6850,3
6851,1
6852,1
6853,1
6854,-1
6855,0
6856,0
6857,1
6858,-1
6859,1
6860,4
6861,1
6862,-1
6863,-1
6864,5
6865,-1
6866,2
6867,3
6868,-1
6869,1
6870,1
6871,-1
6872,-1
6873,-1
6874,-1
6875,-1
6876,3
6877,-1
6878,-1
6879,3
6880,-1
6881,-1
6882,-1
6883,5
6884,-1
6885,3
6886,1
6887,0
6888,-1
6889,-1
6890,-1
6891,-1
6892,3
6893,-1
6894,-1
6895,4
6896,-1
6897,1
6898,1
6899,-1
6900,-1
6901,-1
6902,-1
6903,1
6904,1
6905,-1
6906,-1
6907,1
6908,-1
6909,-1
6910,1
6911,1
6912,1
6913,-1
6914,0
6915,2
6916,0
6917,2
6918,2
6919,-1
6920,-1
6921,0
6922,-1
6923,1
6924,4
6925,0
6926,-1
6927,3
6928,-1
6929,-1
6930,1
6931,-1
6932,-1
6933,-1
6934,-1
6935,3
6936,0
6937,1
6938,1
6939,2
6940,-1
6941,0
6942,3
6943,-1
6944,-1
6945,2
6946,-1
6947,-1
6948,0
6949,-1
6950,-1
6951,-1
6952,-1
6953,-1
6954,-1
6955,0
6956,0
6957,-1
6958,-1
6959,-1
6960,3
6961,-1
6962,-1
6963,-1
6964,0
6965,1
6966,3
6967,0
6968,1
6969,0
6970,3
6971,-1
6972,-1
6973,-1
6974,-1
6975,-1
6976,-1
6977,-1
6978,0
6979,-1
6980,-1
6981,-1
6982,-1
6983,-1
6984,-1
6985,-1
6986,-1
6987,-1
6988,1
6989,-1
6990,4
6991,4
6992,4
6993,3
6994,-1
6995,-1
6996,2
6997,2
6998,1
6999,-1
7000,3
7001,-1
7002,0
7003,-1
7004,2
7005,4
7006,0
7007,4
7008,-1
7009,-1
7010,-1
7011,5
7012,-1
7013,4
7014,-1
7015,1
7016,-1
7017,-1
7018,0
7019,-1
7020,2
7021,-1
7022,-1
7023,-1
7024,3
7025,-1
7026,-1
7027,0
7028,-1
7029,1
7030,1
7031,1
7032,1
7033,2
7034,3
7035,3
7036,4
7037,1
7038,1
7039,3
7040,3
7041,-1
7042,0
7043,0
7044,-1
7045,3
7046,2
7047,2
7048,0
7049,1
7050,-1
7051,0
7052,1
7053,-1
7054,-1
7055,-1
7056,2
7057,-1
7058,3
7059,3
7060,0
7061,2
7062,0
7063,5
7064,-1
7065,-1
7066,-1
7067,-1
7068,3
7069,3
7070,0
7071,3
7072,0
7073,2
7074,-1
7075,-1
7076,-1
7077,-1
7078,-1
7079,-1
7080,3
7081,-1
7082,-1
7083,5
7084,0
7085,-1
7086,3
7087,4
7088,-1
7089,3
7090,0
7091,2
7092,1
7093,1
7094,4
7095,1
7096,2
7097,-1
7098,-1
7099,3
7100,-1
7101,-1
7102,3
7103,-1
7104,1
7105,-1
7106,3
7107,-1
7108,0
7109,1
7110,-1
7111,0
7112,-1
7113,5
7114,-1
7115,0
7116,-1
7117,0
7118,1
7119,-1
7120,-1
7121,-1
7122,-1
7123,-1
7124,1
7125,3
7126,0
7127,-1
7128,3
7129,1
7130,-1
7131,-1
7132,-1
7133,2
7134,4
7135,0
7136,0
7137,0
7138,1
7139,-1
7140,1
7141,-1
7142,1
7143,-1
7144,-1
7145,-1
7146,-1
7147,-1
7148,-1
7149,0
7150,4
7151,-1
7152,3
7153,1
7154,-1
7155,-1
7156,-1
7157,-1
7158,3
7159,-1
7160,-1
7161,-1
7162,-1
7163,-1
7164,-1
7165,2
7166,1
7167,-1
7168,1
7169,1
7170,0
7171,2
7172,-1
7173,-1
7174,-1
7175,2
7176,0
7177,-1
7178,4
7179,2
7180,2
7181,2
7182,3
7183,3
7184,2
7185,1
7186,4
7187,3
7188,-1
7189,-1
7190,-1
7191,4
7192,-1
7193,0
7194,4
7195,-1
7196,0
7197,2
7198,0
7199,-1
7200,2
7201,-1
7202,1
7203,3
7204,1
7205,2
7206,-1
7207,3
7208,3
7209,2
7210,-1
7211,2
7212,0
7213,-1
7214,1
7215,-1
7216,0
7217,-1
7218,3
7219,1
7220,1
7221,-1
7222,1
7223,5
7224,1
7225,-1
7226,2
7227,-1
7228,2
7229,3
7230,1
7231,-1
7232,3
7233,1
7234,-1
7235,0
7236,1
7237,-1
7238,0
7239,-1
7240,-1
7241,-1
7242,0
7243,3
7244,-1
7245,-1
7246,1
7247,-1
7248,-1
7249,-1
7250,-1
7251,0
7252,0
7253,-1
7254,3
7255,-1
7256,-1
7257,3
7258,-1
7259,2
7260,0
7261,1
7262,-1
7263,-1
7264,1
7265,2
7266,-1
7267,3
7268,0
7269,-1
7270,-1
7271,4
7272,-1
7273,-1
7274,-1
7275,1
7276,1
7277,3
7278,-1
7279,-1
7280,5
7281,-1
7282,-1
7283,-1
7284,4
7285,2
7286,0
7287,-1
7288,3
7289,-1
7290,2
7291,-1
7292,2
7293,-1
7294,-1
7295,5
7296,-1
7297,1
7298,1
7299,1
7300,-1
7301,-1
7302,2
7303,-1
7304,-1
7305,-1
7306,0
7307,-1
7308,-1
7309,0
7310,4
7311,-1
7312,1
7313,-1
7314,-1
7315,-1
7316,-1
7317,-1
7318,2
7319,2
7320,-1
7321,-1
7322,-1
7323,-1
7324,-1
7325,-1
7326,3
7327,1
7328,2
7329,0
7330,-1
7331,3
7332,-1
7333,-1
7334,-1
7335,-1
7336,0
7337,0
7338,-1
7339,-1
7340,0
7341,-1
7342,0
7343,0
7344,-1
7345,-1
7346,-1
7347,4
7348,0
7349,-1
7350,3
7351,-1
7352,1
7353,-1
7354,4
7355,0
7356,-1
7357,2
7358,-1
7359,-1
7360,4
7361,-1
7362,-1
7363,-1
7364,-1
7365,-1
7366,-1
7367,1
7368,2
7369,-1
7370,3
7371,-1
7372,0
7373,1
7374,3
7375,-1
7376,-1
7377,1
7378,-1
7379,5
7380,-1
7381,-1
7382,-1
7383,3
7384,3
7385,0
7386,4
7387,0
7388,-1
7389,-1
7390,-1
7391,4
7392,-1
7393,-1
7394,-1
7395,1
7396,0
7397,-1
7398,2
7399,-1
7400,3
7401,-1
7402,-1
7403,4
7404,-1
7405,2
7406,2
7407,-1
7408,1
7409,-1
7410,-1
7411,1
7412,3
7413,-1
7414,-1
7415,-1
7416,-1
7417,2
7418,2
7419,-1
7420,-1
7421,-1
7422,-1
7423,-1
7424,4
7425,3
7426,-1
7427,-1
7428,-1
7429,-1
7430,3
7431,-1
7432,4
7433,2
7434,-1
7435,-1
7436,-1
7437,-1
7438,-1
7439,-1
7440,4
7441,-1
7442,0
7443,4
7444,3
7445,-1
7446,-1
7447,-1
7448,-1
7449,-1
7450,1
7451,0
7452,0
7453,1
7454,3
7455,-1
7456,-1
7457,-1
7458,2
7459,3
7460,0
7461,-1
7462,-1
7463,-1
7464,-1
7465,-1
7466,-1
7467,2
7468,0
7469,0
7470,0
7471,4
7472,-1
7473,1
7474,3
7475,-1
7476,1
7477,1
7478,1
7479,0
7480,-1
7481,1
7482,1
7483,2
7484,-1
7485,0
7486,4
7487,-1
7488,3
7489,-1
7490,-1
7491,2
7492,-1
7493,-1
7494,1
7495,-1
7496,-1
7497,4
7498,2
7499,4
7500,-1
7501,-1
7502,-1
7503,2
7504,-1
7505,-1
7506,3
7507,-1
7508,-1
7509,-1
7510,-1
7511,1
7512,-1
7513,-1
7514,2
7515,-1
7516,-1
7517,-1
7518,-1
7519,-1
7520,-1
7521,0
7522,2
7523,0
7524,0
7525,2
7526,1
7527,-1
7528,-1
7529,1
7530,2
7531,4
7532,-1
7533,2
7534,1
7535,0
7536,2
7537,4
7538,3
7539,-1
7540,2
7541,5
7542,-1
7543,2
7544,0
7545,3
7546,0
7547,-1
7548,-1
7549,-1
7550,2
7551,3
7552,-1
7553,0
7554,-1
7555,0
7556,-1
7557,1
7558,5
7559,1
7560,-1
7561,-1
7562,0
7563,-1
7564,1
7565,-1
7566,3
7567,1
7568,2
7569,-1
7570,2
7571,-1
7572,1
7573,3
7574,-1
7575,2
7576,-1
7577,-1
7578,-1
7579,0
7580,4
7581,-1
7582,5
7583,0
7584,2
7585,-1
7586,0
7587,0
7588,-1
7589,2
7590,1
7591,3
7592,-1
7593,4
7594,-1
7595,2
7596,-1
7597,-1
7598,2
7599,-1
7600,0
7601,4
7602,4
7603,-1
7604,1
7605,3
7606,-1
7607,4
7608,-1
7609,-1
7610,-1
7611,-1
7612,0
7613,2
7614,-1
7615,1
7616,1
7617,-1
7618,-1
7619,-1
7620,5
7621,1
7622,-1
7623,-1
7624,2
7625,4
7626,-1
7627,-1
7628,1
7629,-1
7630,2
7631,-1
7632,1
7633,-1
7634,3
7635,-1
7636,-1
7637,4
7638,2
7639,-1
7640,-1
7641,0
7642,3
7643,3
7644,-1
7645,5
7646,2
7647,1
7648,0
7649,-1
7650,2
7651,3
7652,1
7653,-1
7654,-1
7655,-1
7656,-1
7657,-1
7658,1
7659,-1
7660,-1
7661,2
7662,0
7663,-1
7664,-1
7665,-1
7666,1
7667,0
7668,-1
7669,3
7670,1
7671,-1
7672,-1
7673,-1
7674,0
7675,4
7676,-1
7677,-1
7678,3
7679,5
7680,4
7681,-1
7682,2
7683,-1
7684,1
7685,3
7686,1
7687,-1
7688,-1
7689,-1
7690,-1
7691,1
7692,0
7693,0
7694,-1
7695,-1
7696,4
7697,-1
7698,3
7699,1
7700,-1
7701,3
7702,-1
7703,-1
7704,4
7705,3
7706,-1
7707,2
7708,3
7709,1
7710,-1
7711,-1
7712,0
7713,-1
7714,-1
7715,3
7716,-1
7717,5
7718,-1
7719,1
7720,4
7721,2
7722,-1
7723,1
7724,4
7725,2
7726,2
7727,5
7728,4
7729,3
7730,3
7731,-1
7732,-1
7733,-1
7734,-1
7735,3
7736,0
7737,-1
7738,-1
7739,-1
7740,-1
7741,1
7742,-1
7743,1
7744,-1
7745,4
7746,-1
7747,-1
7748,4
7749,-1
7750,-1
7751,3
7752,-1
7753,5
7754,-1
7755,-1
7756,-1
7757,1
7758,5
7759,5
7760,-1
7761,5
7762,-1
7763,-1
7764,-1
7765,-1
7766,2
7767,3
7768,2
7769,3
7770,0
7771,-1
7772,3
7773,-1
7774,-1
7775,4
7776,-1
7777,4
7778,1
7779,-1
7780,-1
7781,5
7782,-1
7783,-1
7784,0
7785,1
7786,-1
7787,-1
7788,-1
7789,-1
7790,0
7791,-1
7792,2
7793,-1
7794,2
7795,1
7796,-1
7797,-1
7798,2
7799,-1
7800,3
7801,3
7802,4
7803,-1
7804,0
7805,-1
7806,2
7807,-1
7808,1
7809,-1
7810,2
7811,-1
7812,1
7813,4
7814,-1
7815,1
7816,1
7817,-1
7818,-1
7819,2
7820,0
7821,1
7822,4
7823,1
7824,4
7825,4
7826,3
7827,-1
7828,4
7829,-1
7830,-1
7831,-1
7832,0
7833,-1
7834,-1
7835,-1
7836,0
7837,-1
7838,-1
7839,-1
7840,0
7841,-1
7842,-1
7843,4
7844,-1
7845,0
7846,1
7847,2
7848,-1
7849,-1
7850,2
7851,2
7852,-1
7853,0
7854,-1
7855,2
7856,2
7857,1
7858,1
7859,-1
7860,-1
7861,3
7862,4
7863,-1
7864,1
7865,0
7866,3
7867,0
7868,-1
7869,0
7870,5
7871,-1
7872,1
7873,-1
7874,-1
7875,2
7876,1
7877,-1
7878,2
7879,-1
7880,-1
7881,2
7882,-1
7883,5
7884,1
7885,-1
7886,-1
7887,-1
7888,3
7889,-1
7890,-1
7891,-1
7892,-1
7893,-1
7894,-1
7895,0
7896,4
7897,0
7898,2
7899,-1
7900,-1
7901,-1
7902,-1
7903,-1
7904,1
7905,0
7906,-1
7907,-1
7908,2
7909,0
7910,3
7911,-1
7912,1
7913,-1
7914,1
7915,-1
7916,-1
7917,2
7918,-1
7919,-1
7920,1
7921,1
7922,-1
7923,-1
7924,3
7925,-1
7926,3
7927,1
7928,-1
7929,2
7930,0
7931,0
7932,1
7933,3
7934,0
7935,-1
7936,-1
7937,-1
7938,-1
7939,-1
7940,-1
7941,3
7942,-1
7943,-1
7944,1
7945,-1
7946,-1
7947,0
7948,-1
7949,-1
7950,2
7951,2
7952,-1
7953,1
7954,0
7955,-1
7956,-1
7957,0
7958,-1
7959,-1
7960,-1
7961,4
7962,0
7963,3
7964,3
7965,-1
7966,1
7967,-1
7968,0
7969,2
7970,0
7971,3
7972,-1
7973,0
7974,-1
7975,2
7976,-1
7977,3
7978,5
7979,1
7980,-1
7981,1
7982,2
7983,3
7984,-1
7985,-1
7986,3
7987,3
7988,-1
7989,1
7990,5
7991,0
7992,-1
7993,1
7994,-1
7995,4
7996,3
7997,0
7998,-1
7999,2
8000,-1
8001,-1
8002,-1
8003,1
8004,1
8005,-1
8006,0
8007,4
8008,-1
8009,-1
8010,-1
8011,-1
8012,-1
8013,1
8014,-1
8015,1
8016,-1
8017,-1
8018,-1
8019,-1
8020,3
8021,-1
8022,5
8023,0
8024,4
8025,-1
8026,-1
8027,-1
8028,-1
8029,2
8030,-1
8031,2
8032,-1
8033,-1
8034,1
8035,5
8036,3
8037,1
8038,1
8039,3
8040,0
8041,-1
8042,-1
8043,1
8044,-1
8045,2
8046,3
8047,-1
8048,0
8049,5
8050,-1
8051,-1
8052,3
8053,-1
8054,-1
8055,0
8056,-1
8057,-1
8058,1
8059,-1
8060,-1
8061,0
8062,-1
8063,1
8064,3
8065,-1
8066,-1
8067,-1
8068,-1
8069,-1
8070,-1
8071,2
8072,-1
8073,1
8074,-1
8075,-1
8076,3
8077,-1
8078,-1
8079,3
8080,-1
8081,2
8082,1
8083,2
8084,-1
8085,4
8086,2
8087,-1
8088,3
8089,-1
8090,2
8091,-1
8092,-1
8093,-1
8094,-1
8095,1
8096,-1
8097,-1
8098,-1
8099,-1
8100,-1
8101,-1
8102,4
8103,0
8104,-1
8105,0
8106,0
8107,-1
8108,-1
8109,1
8110,3
8111,2
8112,5
8113,1
8114,0
8115,1
8116,0
8117,-1
8118,-1
8119,-1
8120,-1
8121,-1
8122,5
8123,-1
8124,3
8125,3
8126,-1
8127,2
8128,0
8129,1
8130,-1
8131,1
8132,-1
8133,4
8134,-1
8135,3
8136,-1
8137,-1
8138,3
8139,0
8140,-1
8141,1
8142,0
8143,3
8144,3
8145,-1
8146,0
8147,3
8148,2
8149,-1
8150,0
8151,-1
8152,2
8153,1
8154,-1
8155,-1
8156,5
8157,1
8158,-1
8159,4
8160,-1
8161,-1
8162,-1
8163,3
8164,-1
8165,-1
8166,-1
8167,-1
8168,1
8169,5
8170,2
8171,3
8172,-1
8173,-1
8174,-1
8175,-1
8176,-1
8177,-1
8178,-1
8179,-1
8180,5
8181,4
8182,0
8183,1
8184,-1
8185,-1
8186,-1
8187,-1
8188,4
8189,-1
8190,-1
8191,-1
8192,-1
8193,-1
8194,-1
8195,0
8196,5
8197,0
8198,2
8199,1
8200,-1
8201,1
8202,-1
8203,3
8204,-1
8205,-1
8206,-1
8207,-1
8208,-1
8209,-1
8210,2
8211,2
8212,-1
8213,-1
8214,-1
8215,0
8216,-1
8217,1
8218,-1
8219,1
8220,-1
8221,-1
8222,2
8223,-1
8224,1
8225,0
8226,1
8227,0
8228,-1
8229,-1
8230,-1
8231,-1
8232,1
8233,5
8234,-1
8235,-1
8236,1
8237,4
8238,-1
8239,0
8240,2
8241,3
8242,1
8243,-1
8244,-1
8245,2
8246,-1
8247,-1
8248,-1
8249,-1
8250,4
8251,-1
8252,-1
8253,-1
8254,4
8255,-1
8256,0
8257,5
8258,-1
8259,1
8260,4
8261,3
8262,1
8263,1
8264,0
8265,0
8266,-1
8267,4
8268,-1
8269,0
8270,0
8271,-1
8272,1
8273,1
8274,2
8275,-1
8276,1
8277,2
8278,4
8279,3
8280,0
8281,1
8282,3
8283,1
8284,1
8285,1
8286,2
8287,-1
8288,0
8289,0
8290,3
8291,1
8292,-1
8293,1
8294,-1
8295,-1
8296,5
8297,-1
8298,-1
8299,-1
8300,0
8301,-1
8302,-1
8303,4
8304,3
8305,-1
8306,5
8307,-1
8308,-1
8309,-1
8310,-1
8311,-1
8312,0
8313,0
8314,1
8315,0
8316,3
8317,-1
8318,-1
8319,-1
8320,4
8321,4
8322,-1
8323,3
8324,1
8325,0
8326,1
8327,4
8328,1
8329,-1
8330,1
8331,-1
8332,-1
8333,-1
8334,2
8335,2
8336,1
8337,-1
8338,4
8339,-1
8340,0
8341,-1
8342,-1
8343,-1
8344,2
8345,-1
8346,0
8347,1
8348,-1
8349,-1
8350,1
8351,-1
8352,-1
8353,-1
8354,4
8355,5
8356,-1
8357,-1
8358,1
8359,1
8360,-1
8361,2
8362,3
8363,-1
8364,-1
8365,1
8366,-1
8367,2
8368,-1
8369,-1
8370,3
8371,-1
8372,-1
8373,1
8374,2
8375,0
8376,0
8377,3
8378,4
8379,-1
8380,1
8381,5
8382,-1
8383,-1
8384,0
8385,0
8386,-1
8387,2
8388,2
8389,0
8390,3
8391,0
8392,-1
8393,-1
8394,0
8395,0
8396,-1
8397,0
8398,1
8399,-1
8400,-1
8401,-1
8402,-1
8403,2
8404,-1
8405,-1
8406,3
8407,0
8408,-1
8409,5
8410,-1
8411,-1
8412,3
8413,4
8414,-1
8415,3
8416,-1
8417,-1
8418,2
8419,-1
8420,-1
8421,-1
8422,-1
8423,-1
8424,0
8425,3
8426,2
8427,3
8428,1
8429,2
8430,3
8431,-1
8432,2
8433,1
8434,-1
8435,2
8436,-1
8437,2
8438,1
8439,-1
8440,-1
8441,5
8442,1
8443,2
8444,-1
8445,-1
8446,1
8447,2
8448,-1
8449,1
8450,0
8451,-1
8452,-1
8453,-1
8454,-1
8455,1
8456,-1
8457,1
8458,1
8459,1
8460,-1
8461,-1
8462,1
8463,-1
8464,-1
8465,0
8466,-1
8467,4
8468,3
8469,0
8470,3
8471,-1
8472,-1
8473,1
8474,-1
8475,2
8476,3
8477,1
8478,-1
8479,1
8480,0
8481,-1
8482,-1
8483,0
8484,0
8485,0
8486,2
8487,4
8488,-1
8489,-1
8490,1
8491,-1
8492,0
8493,-1
8494,-1
8495,-1
8496,-1
8497,0
8498,-1
8499,-1
8500,-1
8501,3
8502,1
8503,-1
8504,-1
8505,-1
8506,-1
8507,2
8508,-1
8509,-1
8510,-1
8511,1
8512,3
8513,2
8514,2
8515,-1
8516,-1
8517,1
8518,-1
8519,0
8520,2
8521,3
8522,-1
8523,1
8524,0
8525,-1
8526,-1
8527,-1
8528,2
8529,1
8530,1
8531,2
8532,-1
8533,0
8534,0
8535,1
8536,0
8537,-1
8538,-1
8539,0
8540,-1
8541,2
8542,3
8543,1
8544,-1
8545,-1
8546,-1
8547,-1
8548,-1
8549,2
8550,1
8551,1
8552,-1
8553,1
8554,-1
8555,0
8556,-1
8557,-1
8558,0
8559,-1
8560,-1
8561,2
8562,4
8563,-1
8564,-1
8565,1
8566,-1
8567,-1
8568,1
8569,-1
8570,1
8571,0
8572,2
8573,4
8574,2
8575,-1
8576,3
8577,1
8578,-1
8579,-1
8580,-1
8581,3
8582,0
8583,-1
8584,-1
8585,-1
8586,-1
8587,1
8588,0
8589,2
8590,-1
8591,1
8592,2
8593,-1
8594,-1
8595,-1
8596,4
8597,1
8598,-1
8599,-1
8600,4
8601,-1
8602,-1
8603,-1
8604,-1
8605,-1
8606,-1
8607,1
8608,-1
8609,1
8610,2
8611,3
8612,-1
8613,-1
8614,2
8615,-1
8616,0
8617,-1
8618,1
8619,2
8620,2
8621,-1
8622,-1
8623,-1
8624,-1
8625,1
8626,1
8627,1
8628,-1
8629,0
8630,3
8631,-1
8632,-1
8633,-1
8634,-1
8635,-1
8636,2
8637,1
8638,-1
8639,3
8640,3
8641,2
8642,4
8643,4
8644,-1
8645,-1
8646,-1
8647,4
8648,-1
8649,0
8650,1
8651,-1
8652,-1
8653,3
8654,-1
8655,0
8656,-1
8657,2
8658,1
8659,1
8660,0
8661,2
8662,0
8663,1
8664,5
8665,-1
8666,4
8667,3
8668,-1
8669,-1
8670,-1
8671,-1
8672,-1
8673,-1
8674,2
8675,3
8676,-1
8677,-1
8678,2
8679,-1
8680,3
8681,-1
8682,-1
8683,1
8684,1
8685,-1
8686,-1
8687,0
8688,-1
8689,-1
8690,4
8691,-1
8692,-1
8693,1
8694,-1
8695,-1
8696,-1
8697,-1
8698,2
8699,4
8700,0
8701,-1
8702,1
8703,1
8704,-1
8705,-1
8706,-1
8707,0
8708,0
8709,0
8710,-1
8711,4
8712,-1
8713,-1
8714,2
8715,3
8716,-1
8717,-1
8718,1
8719,-1
8720,-1
8721,-1
8722,-1
8723,-1
8724,3
8725,-1
8726,5
8727,0
8728,-1
8729,5
8730,3
8731,-1
8732,1
8733,1
8734,3
8735,0
8736,1
8737,2
8738,0
8739,1
8740,-1
8741,1
8742,-1
8743,-1
8744,1
8745,0
8746,1
8747,-1
8748,0
8749,-1
8750,-1
8751,2
8752,0
8753,-1
8754,-1
8755,5
8756,1
8757,-1
8758,3
8759,-1
8760,-1
8761,1
8762,1
8763,5
8764,0
8765,3
8766,-1
8767,0
8768,1
8769,3
8770,-1
8771,-1
8772,-1
8773,-1
8774,4
8775,3
8776,4
8777,3
8778,-1
8779,3
8780,0
8781,-1
8782,-1
8783,3
8784,0
8785,1
8786,2
8787,3
8788,-1
8789,2
8790,0
8791,-1
8792,1
8793,3
8794,5
8795,5
8796,2
8797,3
8798,-1
8799,5
8800,-1
8801,-1
8802,2
8803,-1
8804,3
8805,1
8806,-1
8807,-1
8808,0
8809,0
8810,-1
8811,-1
8812,-1
8813,1
8814,0
8815,1
8816,2
8817,-1
8818,-1
8819,-1
8820,-1
8821,0
8822,3
8823,3
8824,-1
8825,2
8826,3
8827,2
8828,-1
8829,-1
8830,-1
8831,-1
8832,-1
8833,3
8834,-1
8835,1
8836,-1
8837,1
8838,1
8839,-1
8840,-1
8841,3
8842,-1
8843,2
8844,-1
8845,2
8846,-1
8847,2
8848,-1
8849,-1
8850,-1
8851,-1
8852,4
8853,-1
8854,3
8855,3
8856,4
8857,-1
8858,0
8859,-1
8860,-1
8861,2
8862,-1
8863,3
8864,-1
8865,-1
8866,-1
8867,-1
8868,-1
8869,-1
8870,-1
8871,-1
8872,-1
8873,-1
8874,-1
8875,-1
8876,2
8877,4
8878,-1
8879,0
8880,3
8881,0
8882,-1
8883,-1
8884,0
8885,-1
8886,0
8887,-1
8888,0
8889,3
8890,1
8891,2
8892,0
8893,3
8894,-1
8895,-1
8896,1
8897,-1
8898,1
8899,1
8900,-1
8901,2
8902,-1
8903,3
8904,-1
8905,0
8906,-1
8907,2
8908,-1
8909,-1
8910,1
8911,-1
8912,0
8913,0
8914,1
8915,-1
8916,-1
8917,3
8918,-1
8919,-1
8920,2
8921,2
8922,-1
8923,-1
8924,-1
8925,-1
8926,-1
8927,2
8928,1
8929,-1
8930,1
8931,-1
8932,-1
8933,5
8934,4
8935,-1
8936,3
8937,-1
8938,1
8939,-1
8940,-1
8941,3
8942,-1
8943,0
8944,3
8945,-1
8946,-1
8947,1
8948,-1
8949,-1
8950,5
8951,2
8952,4
8953,-1
8954,-1
8955,-1
8956,4
8957,-1
8958,1
8959,2
8960,2
8961,-1
8962,1
8963,-1
8964,0
8965,0
8966,-1
8967,1
8968,-1
8969,-1
8970,0
8971,-1
8972,-1
8973,-1
8974,3
8975,-1
8976,-1
8977,0
8978,-1
8979,5
8980,0
8981,-1
8982,-1
8983,-1
8984,-1
8985,-1
8986,-1
8987,1
8988,-1
8989,1
8990,2
8991,1
8992,-1
8993,-1
8994,-1
8995,-1
8996,3
8997,1
8998,3
8999,3
9000,-1
9001,-1
9002,-1
9003,-1
9004,-1
9005,0
9006,3
9007,-1
9008,-1
9009,-1
9010,0
9011,-1
9012,3
9013,-1
9014,-1
9015,1
9016,3
9017,-1
9018,2
9019,2
9020,2
9021,5
9022,-1
9023,-1
9024,-1
9025,-1
9026,0
9027,3
9028,1
9029,1
9030,2
9031,-1
9032,4
9033,-1
9034,-1
9035,1
9036,-1
9037,-1
9038,3
9039,-1
9040,1
9041,2
9042,3
9043,-1
9044,-1
9045,-1
9046,-1
9047,-1
9048,-1
9049,-1
9050,1
9051,-1
9052,-1
9053,0
9054,3
9055,-1
9056,-1
9057,-1
9058,-1
9059,0
9060,-1
9061,1
9062,-1
9063,0
9064,-1
9065,3
9066,-1
9067,-1
9068,-1
9069,1
9070,3
9071,1
9072,1
9073,2
9074,0
9075,1
9076,3
9077,3
9078,0
9079,-1
9080,0
9081,-1
9082,2
9083,1
9084,-1
9085,-1
9086,-1
9087,0
9088,-1
9089,0
9090,-1
9091,4
9092,3
9093,-1
9094,-1
9095,3
9096,0
9097,-1
9098,-1
9099,4
9100,1
9101,-1
9102,5
9103,5
9104,-1
9105,-1
9106,-1
9107,0
9108,2
9109,-1
9110,5
9111,-1
9112,3
9113,-1
9114,-1
9115,-1
9116,0
9117,1
9118,1
9119,0
9120,1
9121,1
9122,-1
9123,1
9124,1
9125,-1
9126,3
9127,2
9128,-1
9129,-1
9130,2
9131,-1
9132,5
9133,2
9134,2
9135,4
9136,3
9137,2
9138,-1
9139,-1
9140,-1
9141,2
9142,0
9143,3
9144,-1
9145,-1
9146,-1
9147,-1
9148,-1
9149,-1
9150,-1
9151,0
9152,-1
9153,-1
9154,-1
9155,-1
9156,3
9157,-1
9158,1
9159,1
9160,-1
9161,-1
9162,-1
9163,2
9164,5
9165,-1
9166,-1
9167,-1
9168,0
9169,1
9170,0
9171,3
9172,2
9173,-1
9174,4
9175,-1
9176,1
9177,-1
9178,-1
9179,-1
9180,-1
9181,-1
9182,2
9183,-1
9184,-1
9185,-1
9186,0
9187,-1
9188,-1
9189,-1
9190,-1
9191,-1
9192,5
9193,-1
9194,3
9195,2
9196,1
9197,-1
9198,-1
9199,1
9200,1
9201,2
9202,0
9203,0
9204,4
9205,-1
9206,-1
9207,-1
9208,2
9209,-1
9210,3
9211,-1
9212,-1
9213,-1
9214,3
9215,1
9216,-1
9217,-1
9218,2
9219,0
9220,3
9221,-1
9222,-1
9223,-1
9224,0
9225,-1
9226,0
9227,-1
9228,0
9229,4
9230,-1
9231,-1
9232,-1
9233,0
9234,3
9235,-1
9236,3
9237,-1
9238,3
9239,-1
9240,3
9241,-1
9242,-1
9243,-1
9244,3
9245,-1
9246,-1
9247,-1
9248,5
9249,1
9250,-1
9251,3
9252,2
9253,-1
9254,-1
9255,3
9256,-1
9257,-1
9258,2
9259,4
9260,-1
9261,-1
9262,4
9263,-1
9264,-1
9265,0
9266,3
9267,1
9268,4
9269,-1
9270,0
9271,3
9272,0
9273,1
9274,4
9275,2
9276,3
9277,4
9278,-1
9279,-1
9280,3
9281,1
9282,-1
9283,0
9284,1
9285,-1
9286,-1
9287,0
9288,1
9289,1
9290,0
9291,0
9292,-1
9293,-1
9294,-1
9295,-1
9296,1
9297,4
9298,2
9299,0
9300,-1
9301,-1
9302,-1
9303,1
9304,-1
9305,-1
9306,-1
9307,1
9308,0
9309,-1
9310,-1
9311,3
9312,-1
9313,-1
9314,-1
9315,0
9316,-1
9317,2
9318,0
9319,4
9320,-1
9321,1
9322,-1
9323,0
9324,-1
9325,-1
9326,-1
9327,-1
9328,1
9329,3
9330,-1
9331,1
9332,1
9333,-1
9334,0
9335,0
9336,0
9337,-1
9338,-1
9339,-1
9340,3
9341,4
9342,-1
9343,1
9344,1
9345,-1
9346,3
9347,0
9348,-1
9349,-1
9350,-1
9351,-1
9352,2
9353,-1
9354,0
9355,1
9356,4
9357,-1
9358,0
9359,-1
9360,3
9361,0
9362,1
9363,3
9364,2
9365,0
9366,0
9367,1
9368,-1
9369,5
9370,-1
9371,-1
9372,3
9373,4
9374,-1
9375,-1
9376,-1
9377,-1
9378,1
9379,0
9380,0
9381,0
9382,-1
9383,2
9384,2
9385,-1
9386,-1
9387,0
9388,-1
9389,-1
9390,-1
9391,-1
9392,3
9393,1
9394,-1
9395,1
9396,-1
9397,-1
9398,-1
9399,3
9400,-1
9401,0
9402,-1
9403,-1
9404,-1
9405,-1
9406,-1
9407,3
9408,-1
9409,-1
9410,2
9411,3
9412,3
9413,-1
9414,-1
9415,2
9416,-1
9417,-1
9418,-1
9419,4
9420,2
9421,2
9422,-1
9423,0
9424,-1
9425,-1
9426,0
9427,-1
9428,-1
9429,-1
9430,4
9431,0
9432,4
9433,-1
9434,1
9435,-1
9436,4
9437,-1
9438,1
9439,3
9440,-1
9441,2
9442,2
9443,2
9444,2
9445,-1
9446,2
9447,-1
9448,1
9449,-1
9450,-1
9451,3
9452,3
9453,-1
9454,2
9455,-1
9456,-1
9457,-1
9458,3
9459,1
9460,-1
9461,3
9462,-1
9463,-1
9464,0
9465,1
9466,1
9467,-1
9468,-1
9469,-1
9470,-1
9471,-1
9472,-1
9473,2
9474,-1
9475,-1
9476,2
9477,-1
9478,4
9479,-1
9480,0
9481,0
9482,0
9483,0
9484,0
9485,1
9486,-1
9487,-1
9488,0
9489,-1
9490,5
9491,1
9492,-1
9493,-1
9494,-1
9495,-1
9496,1
9497,-1
9498,-1
9499,-1
9500,-1
9501,-1
9502,1
9503,-1
9504,-1
9505,-1
9506,-1
9507,-1
9508,-1
9509,-1
9510,4
9511,5
9512,1
9513,-1
9514,3
9515,5
9516,-1
9517,3
9518,-1
9519,5
9520,-1
9521,1
9522,-1
9523,2
9524,0
9525,-1
9526,-1
9527,-1
9528,-1
9529,-1
9530,-1
9531,1
9532,-1
9533,-1
9534,-1
9535,1
9536,1
9537,2
9538,-1
9539,3
9540,-1
9541,1
9542,-1
9543,-1
9544,-1
9545,3
9546,-1
9547,2
9548,0
9549,-1
9550,-1
9551,-1
9552,1
9553,-1
9554,-1
9555,3
9556,-1
9557,-1
9558,-1
9559,2
9560,-1
9561,-1
9562,-1
9563,-1
9564,-1
9565,-1
9566,1
9567,3
9568,0
9569,-1
9570,0
9571,2
9572,4
9573,3
9574,1
9575,-1
9576,3
9577,3
9578,-1
9579,1
9580,-1
9581,0
9582,-1
9583,-1
9584,-1
9585,1
9586,-1
9587,2
9588,-1
9589,-1
9590,-1
9591,1
9592,-1
9593,1
9594,-1
9595,1
9596,2
9597,-1
9598,0
9599,-1
9600,0
9601,0
9602,-1
9603,-1
9604,0
9605,0
9606,-1
9607,-1
9608,1
9609,-1
9610,-1
9611,-1
9612,-1
9613,-1
9614,4
9615,-1
9616,-1
9617,5
9618,-1
9619,-1
9620,-1
9621,2
9622,3
9623,4
9624,-1
9625,-1
9626,-1
9627,-1
9628,-1
9629,3
9630,2
9631,5
9632,-1
9633,1
9634,-1
9635,-1
9636,-1
9637,-1
9638,-1
9639,1
9640,4
9641,5
9642,3
9643,-1
9644,-1
9645,-1
9646,-1
9647,1
9648,-1
9649,1
9650,2
9651,-1
9652,-1
9653,4
9654,3
9655,4
9656,5
9657,1
9658,3
9659,-1
9660,0
9661,-1
9662,2
9663,1
9664,0
9665,1
9666,1
9667,2
9668,0
9669,-1
9670,1
9671,4
9672,-1
9673,1
9674,0
9675,2
9676,-1
9677,3
9678,-1
9679,0
9680,4
9681,3
9682,4
9683,-1
9684,-1
9685,-1
9686,-1
9687,4
9688,4
9689,3
9690,1
9691,0
9692,-1
9693,1
9694,-1
9695,-1
9696,0
9697,-1
9698,0
9699,1
9700,-1
9701,-1
9702,-1
9703,-1
9704,5
9705,-1
9706,1
9707,-1
9708,-1
9709,3
9710,2
9711,3
9712,0
9713,1
9714,-1
9715,1
9716,-1
9717,0
9718,3
9719,-1
9720,-1
9721,-1
9722,3
9723,1
9724,1
9725,-1
9726,2
9727,3
9728,-1
9729,1
9730,0
9731,-1
9732,-1
9733,-1
9734,4
9735,1
9736,2
9737,2
9738,3
9739,0
9740,3
9741,1
9742,-1
9743,5
9744,1
9745,-1
9746,-1
9747,0
9748,5
9749,1
9750,3
9751,3
9752,1
9753,-1
9754,-1
9755,4
9756,-1
9757,3
9758,-1
9759,3
9760,-1
9761,0
9762,0
9763,3
9764,1
9765,-1
9766,-1
9767,4
9768,-1
9769,-1
9770,-1
9771,-1
9772,2
9773,-1
9774,0
9775,4
9776,2
9777,2
9778,0
9779,-1
9780,-1
9781,2
9782,-1
9783,4
9784,-1
9785,0
9786,0
9787,-1
9788,-1
9789,2
9790,-1
9791,2
9792,-1
9793,-1
9794,2
9795,2
9796,1
9797,-1
9798,-1
9799,-1
9800,-1
9801,3
9802,3
9803,-1
9804,-1
9805,-1
9806,0
9807,-1
9808,4
9809,3
9810,4
9811,-1
9812,0
9813,1
9814,1
9815,-1
9816,-1
9817,-1
9818,-1
9819,0
9820,-1
9821,4
9822,-1
9823,-1
9824,-1
9825,0
9826,3
9827,-1
9828,3
9829,-1
9830,-1
9831,-1
9832,-1
9833,4
9834,0
9835,-1
9836,-1
9837,-1
9838,3
9839,-1
9840,3
9841,0
9842,1
9843,-1
9844,-1
9845,-1
9846,3
9847,-1
9848,-1
9849,4
9850,0
9851,-1
9852,-1
9853,-1
9854,-1
9855,1
9856,-1
9857,-1
9858,3
9859,-1
9860,-1
9861,0
9862,3
9863,5
9864,-1
9865,-1
9866,-1
9867,3
9868,3
9869,1
9870,-1
9871,1
9872,3
9873,0
9874,-1
9875,0
9876,1
9877,1
9878,3
9879,4
9880,0
9881,4
9882,1
9883,0
9884,1
9885,-1
9886,0
9887,3
9888,-1
9889,0
9890,-1
9891,-1
9892,-1
9893,-1
9894,-1
9895,4
9896,-1
9897,-1
9898,0
9899,-1
9900,-1
9901,3
9902,-1
9903,2
9904,-1
9905,1
9906,3
9907,1
9908,4
9909,-1
9910,-1
9911,1
9912,-1
9913,5
9914,-1
9915,2
9916,-1
9917,-1
9918,3
9919,-1
9920,-1
9921,-1
9922,-1
9923,-1
9924,-1
9925,0
9926,1
9927,-1
9928,-1
9929,4
9930,-1
9931,-1
9932,-1
9933,0
9934,2
9935,1
9936,0
9937,0
9938,2
9939,-1
9940,1
9941,-1
9942,-1
9943,-1
9944,-1
9945,1
9946,1
9947,3
9948,1
9949,1
9950,-1
9951,1
9952,0
9953,0
9954,-1
9955,-1
9956,-1
9957,-1
9958,1
9959,-1
9960,-1
9961,-1
9962,0
9963,-1
9964,2
9965,-1
9966,-1
9967,1
9968,-1
9969,4
9970,0
9971,1
9972,4
9973,0
9974,-1
9975,0
9976,-1
9977,1
9978,-1
9979,0
9980,0
9981,-1
9982,-1
9983,-1
9984,-1
9985,-1
9986,0
9987,-1
9988,-1
9989,1
9990,4
9991,-1
9992,-1
9993,-1
9994,5
9995,0
9996,-1
9997,1
9998,0
9999,0
